Subject,Start Date,Start Time,End Date,End Time,All day event,Description,Show time as
First Sunday of Advent [1] Violet,27/11/2005,,,,TRUE,,3
Monday of Advent 1,28/11/2005,,,,TRUE,,3
Tuesday of Advent 1,29/11/2005,,,,TRUE,,3
"Andrew, Apostle, Patron of Scotland [4] Red",30/11/2005,,,,TRUE,,3
"Charles de Foucauld, Priest and Hermit, 1916 [6] White",01/12/2005,,,,TRUE,,3
"Nicholas Ferrar, Deacon, 1637 [6] White",02/12/2005,,,,TRUE,,3
"Francis Xavier, Priest and Missionary, 1552 [6] White",03/12/2005,,,,TRUE,,3
Second Sunday of Advent [1] Violet,04/12/2005,,,,TRUE,,3
Monday of Advent 2,05/12/2005,,,,TRUE,,3
"Nicholas of Myra, Bishop, 4th century [6] White",06/12/2005,,,,TRUE,,3
"Ambrose of Milan, Bishop and Teacher of the Faith, c.210 [6] White",07/12/2005,,,,TRUE,,3
"Conception of Mary, Mother of the Lord [5] White",08/12/2005,,,,TRUE,,3
Friday of Advent 2,09/12/2005,,,,TRUE,,3
Saturday of Advent 2,10/12/2005,,,,TRUE,,3
Third Sunday of Advent [1] Violet,11/12/2005,,,,TRUE,,3
"Monday of Advent 3 (Ordination of the Bishop of Glasgow, 1998)",12/12/2005,,,,TRUE,,3
Tuesday of Advent 3,13/12/2005,,,,TRUE,,3
"John of the Cross, Priest, Teacher of the Faith, 1591 [6] White",14/12/2005,,,,TRUE,,3
Thursday of Advent 3,15/12/2005,,,,TRUE,,3
Friday of Advent 3,16/12/2005,,,,TRUE,,3
Saturday of Advent 3,17/12/2005,,,,TRUE,,3
Fourth Sunday of Advent [1] Violet,18/12/2005,,,,TRUE,,3
Monday of Advent 4,19/12/2005,,,,TRUE,,3
Tuesday of Advent 4,20/12/2005,,,,TRUE,,3
"Thomas, Apostle [4] Red (if not kept on 3 July)",21/12/2005,,,,TRUE,,3
Thursday of Advent 4,22/12/2005,,,,TRUE,,3
Friday of Advent 4,23/12/2005,,,,TRUE,,3
Christmas Eve [2] White,24/12/2005,,,,TRUE,,3
CHRISTMAS DAY [1] White,25/12/2005,,,,TRUE,,3
"Stephen, Deacon and Martyr [4] Red",26/12/2005,,,,TRUE,,3
"John, Apostle and Evangelist [4] White",27/12/2005,,,,TRUE,,3
The Holy Innocents [4] White,28/12/2005,,,,TRUE,,3
"Thomas of Canterbury, Bishop and Martyr, 1170 [6] Red",29/12/2005,,,,TRUE,,3
"Josephine Butler, 1905 [6] White",30/12/2005,,,,TRUE,,3
"John Wycliffe, Priest, 1384 [6] White",31/12/2005,,,,TRUE,,3
THE NAMING OF JESUS [2] White,01/01/2006,,,,TRUE,,3
"Seraphim of Sarov, 1833 [6] White",02/01/2006,,,,TRUE,,3
Tuesday of Christmas 1,03/01/2006,,,,TRUE,,3
Wednesday of Christmas 1,04/01/2006,,,,TRUE,,3
Thursday of Christmas 1,05/01/2006,,,,TRUE,,3
THE EPIPHANY OF THE LORD [1] White,06/01/2006,,,,TRUE,,3
Saturday following Epiphany,07/01/2006,,,,TRUE,,3
First Sunday after Epiphany: the Baptism of the Lord [2] White,08/01/2006,,,,TRUE,,3
Monday of Epiphany 1,09/01/2006,,,,TRUE,,3
"William Laud, Bishop, 1645 [6] Red",10/01/2006,,,,TRUE,,3
"David, King of Scots, 1153 [6] Red",11/01/2006,,,,TRUE,,3
Thursday of Epiphany 1,12/01/2006,,,,TRUE,,3
"Kentigern (or Mungo), Bishop, c.603 [4] White",13/01/2006,,,,TRUE,,3
"Hilary of Poitiers, Bishop and Teacher of the Faith [6] White",14/01/2006,,,,TRUE,,3
Second Sunday after Epiphany [3] Green,15/01/2006,,,,TRUE,,3
Monday of Epiphany 2,16/01/2006,,,,TRUE,,3
"Antony of Egypt, Abbot, 356 [6] White",17/01/2006,,,,TRUE,,3
The Confession of Peter [6] White,18/01/2006,,,,TRUE,,3
Thursday of Epiphany 2,19/01/2006,,,,TRUE,,3
Friday of Epiphany 2,20/01/2006,,,,TRUE,,3
"Agnes, Martyr, c.304 [6] Red",21/01/2006,,,,TRUE,,3
Third Sunday after Epiphany [3] Green,22/01/2006,,,,TRUE,,3
Monday of Epiphany 3,23/01/2006,,,,TRUE,,3
"Francis de Sales, Bishop, 1622 [6] White",24/01/2006,,,,TRUE,,3
The Conversion of Saint Paul [4] White,25/01/2006,,,,TRUE,,3
"Timothy and Titus, Bishops [6] White",26/01/2006,,,,TRUE,,3
"John Chrysostom, Bishop and Teacher of the Faith, 407 [6] White",27/01/2006,,,,TRUE,,3
"Thomas Aquinas, Teacher of the Faith, 1274 [6] White",28/01/2006,,,,TRUE,,3
Fourth Sunday after Epiphany [3] Green,29/01/2006,,,,TRUE,,3
"Charles I, King, 1649 [6] Red",30/01/2006,,,,TRUE,,3
"Charles Mackenzie of Central Africa, Bishop, Missionary, Martyr, 1862 [6] Red",31/01/2006,,,,TRUE,,3
"Bride of Kildare, Abbess, c.525 [6] White",01/02/2006,,,,TRUE,,3
THE PRESENTATION OF THE LORD [2] White,02/02/2006,,,,TRUE,,3
Saints and Martyrs of Europe [6] Red,03/02/2006,,,,TRUE,,3
Saturday of Epiphany 3,04/02/2006,,,,TRUE,,3
Fifth Sunday after Epiphany [3] Green,05/02/2006,,,,TRUE,,3
"Paul Miki, Priest, and the Martyrs of Japan, 1597 [6] Red",06/02/2006,,,,TRUE,,3
Tuesday of Epiphany 5,07/02/2006,,,,TRUE,,3
Wednesday of Epiphany 5,08/02/2006,,,,TRUE,,3
Thursday of Epiphany 5,09/02/2006,,,,TRUE,,3
"Scholastica, Religious, 543 [6] White",10/02/2006,,,,TRUE,,3
Saturday of Epiphany 5,11/02/2006,,,,TRUE,,3
Sixth Sunday after Epiphany [3] Green (Third Sunday before Lent) SPB Septuagesima [Violet],12/02/2006,,,,TRUE,,3
Monday of Epiphany 6,13/02/2006,,,,TRUE,,3
"Cyril, Monk, 869, and Methodius, Bishop, 885, ""Apostles of the Slavs"" [6] White",14/02/2006,,,,TRUE,,3
"Thomas Bray, Priest and Missionary, 1730 [6] White",15/02/2006,,,,TRUE,,3
Thursday of Epiphany 6,16/02/2006,,,,TRUE,,3
"Finan of Lindisfarne, Bishop, 661 [6] White",17/02/2006,,,,TRUE,,3
"Colman of Lindisfarne, Bishop, 767 [6] White",18/02/2006,,,,TRUE,,3
Seventh Sunday after Epiphany [3] Green (Second Sunday before Lent) SPB Sexagesima [Violet],19/02/2006,,,,TRUE,,3
Monday of Epiphany 7,20/02/2006,,,,TRUE,,3
Tuesday of Epiphany 7,21/02/2006,,,,TRUE,,3
Wednesday of Epiphany 7,22/02/2006,,,,TRUE,,3
"Polycarp of Smyrna, Bishop and Martyr, 156 [6] Red",23/02/2006,,,,TRUE,,3
Friday of Epiphany 7,24/02/2006,,,,TRUE,,3
Saturday of Epiphany 7,25/02/2006,,,,TRUE,,3
Sunday before Lent [3] Green SPBQuinquagesima [Violet],26/02/2006,,,,TRUE,,3
Monday of Sunday before Lent,27/02/2006,,,,TRUE,,3
Tuesday of Sunday before Lent,28/02/2006,,,,TRUE,,3
Ash Wednesday [1] Violet of Lenten Array,01/03/2006,,,,TRUE,,3
"Chad of Lichfield, Bishop, 672 [6] White",02/03/2006,,,,TRUE,,3
"John and Charles Wesley, Priests, 1791 and 1788 [6] White",03/03/2006,,,,TRUE,,3
"Adrian of May Island, Abbot, and Companions, Martyrs, 875 [6] Red",04/03/2006,,,,TRUE,,3
First Sunday of Lent [1] Violet or Lenten Array,05/03/2006,,,,TRUE,,3
"Baldred, Bishop, 608 [6] White",06/03/2006,,,,TRUE,,3
"Perpetua and her Companions, Martyrs, 203 [6] Red",07/03/2006,,,,TRUE,,3
"Duthac, Bishop, 1068 [6] White",08/03/2006,,,,TRUE,,3
Thursday of Lent 1,09/03/2006,,,,TRUE,,3
"Kessog, Bishop, c.700 [6] Red",10/03/2006,,,,TRUE,,3
"Saturday of Lent 1 (Ordination of the Bishop of St Andrews, 2005)",11/03/2006,,,,TRUE,,3
Second Sunday of Lent [1] Violet or Lenten Array,12/03/2006,,,,TRUE,,3
Monday of Lent 2,13/03/2006,,,,TRUE,,3
Tuesday of Lent 2,14/03/2006,,,,TRUE,,3
Wednesday of Lent 2,15/03/2006,,,,TRUE,,3
"Boniface of Ross, Bishop, 8th Century [6] White",16/03/2006,,,,TRUE,,3
"Patrick, Bishop, Patron of Ireland, 461 [4] White",17/03/2006,,,,TRUE,,3
"Cyril of Jerusalem, Bishop and Teacher of the Faith, 386 [6] White",18/03/2006,,,,TRUE,,3
Third Sunday of Lent [1] Violet or Red,19/03/2006,,,,TRUE,,3
Jospeh of Nazareth [4] White,20/03/2006,,,,TRUE,,3
"Thomas Cranmer, Bishop, 1556 [6] Red",21/03/2006,,,,TRUE,,3
"Thomas Ken, Bishop, 1711 [] White",22/03/2006,,,,TRUE,,3
"Cuthbert, Bishop, 687 [6] White (translated from 20 March)",23/03/2006,,,,TRUE,,3
"Paul Couturier, Priest, 1953 [6] White",24/03/2006,,,,TRUE,,3
THE ANNUNCIATION OF THE LORD [2] White,25/03/2006,,,,TRUE,,3
Fourth Sunday of Lent [1] Violet or Lenten Array (or Rose),26/03/2006,,,,TRUE,,3
Monday of Lent 4,27/03/2006,,,,TRUE,,3
"Patrick Forbes, Bishop, 1636, and the Aberdeen Doctors, Teachers of the Faith [] White",28/03/2006,,,,TRUE,,3
"John Keeble, Priest, 1866 [6] White",29/03/2006,,,,TRUE,,3
Thursday of Lent 4,30/03/2006,,,,TRUE,,3
Friday of Lent 4,31/03/2006,,,,TRUE,,3
"Gilbert of Caithness, Bishop, 1245 [6] White",01/04/2006,,,,TRUE,,3
Fifth Sunday of Lent [1] Violet or Lenten Array,02/04/2006,,,,TRUE,,3
THE ANNUNCIATION OF THE LORD [2] White,03/04/2006,,,,TRUE,,3
Tuesday of Easter 2,04/04/2006,,,,TRUE,,3
Wednesday of Easter 2,05/04/2006,,,,TRUE,,3
Thursday of Easter 2,06/04/2006,,,,TRUE,,3
Friday of Easter 2,07/04/2006,,,,TRUE,,3
"Dietrich Bonhoeffer, Theologian and Martyr, 1945 [6] Red",08/04/2006,,,,TRUE,,3
Sunday of the Passion (Palm Sunday) [1] Violet or Red,09/04/2006,,,,TRUE,,3
Monday of Holy Week [1] Violet or Red,10/04/2006,,,,TRUE,,3
Tuesday of Holy Week [1] Violet or Red,11/04/2006,,,,TRUE,,3
Wednesday of Holy Week [1] Violet or Red,12/04/2006,,,,TRUE,,3
Maundy Thursday [1] White at Eucharist,13/04/2006,,,,TRUE,,3
Good Friday [1] Red for Liturgy; Hangings removed,14/04/2006,,,,TRUE,,3
Holy Saturday (Easter Eve) [1] Hangings removed; White at Easter Vigil,15/04/2006,,,,TRUE,,3
EASTER DAY [1] White,16/04/2006,,,,TRUE,,3
"Donnan, Abbot and Companions, Martyrs, c.617 [6] Red",17/04/2006,,,,TRUE,,3
Tuesday of Easter Week,18/04/2006,,,,TRUE,,3
Wednesday of Easter Week,19/04/2006,,,,TRUE,,3
"Maelrubha of Applecross, Abbot, 722 [6] White",20/04/2006,,,,TRUE,,3
"Anselm of Canterbury, Bishop and Teacher of the Faith, 1109 [6] White",21/04/2006,,,,TRUE,,3
Saturday of Easter Week,22/04/2006,,,,TRUE,,3
Second Sunday of Easter [1] White / SPB First Sunday after Easter,23/04/2006,,,,TRUE,,3
Monday of Easter 5,24/04/2006,,,,TRUE,,3
"Mark, Evangelist [4] Red",25/04/2006,,,,TRUE,,3
"Albert Ernest Laurie, Priest, 1937 [6] White",26/04/2006,,,,TRUE,,3
Thursday of Easter 5,27/04/2006,,,,TRUE,,3
Friday of Easter 5,28/06/2006,,,,TRUE,,3
"Catherine of Siena, Mystic and Teacher of the Faith, 1380 [6] White",29/04/2006,,,,TRUE,,3
Third Sunday of Easter [1] White / SPB Second Sunday after Easter,30/04/2006,,,,TRUE,,3
"Philip and James, Apostles [4] Red",01/05/2006,,,,TRUE,,3
"Athanasius, Bishop and Teacher of the Faith, 373 [6] White (translated from 2nd)",02/05/2006,,,,TRUE,,3
Wednesday of Easter 3,03/05/2006,,,,TRUE,,3
Thursday of Easter 3,04/05/2006,,,,TRUE,,3
Friday of Easter 3,05/05/2006,,,,TRUE,,3
Saturday of Easter 3,06/05/2006,,,,TRUE,,3
Fourth Sunday of Easter [1] White / SPB Third Sunday after Easter,07/05/2006,,,,TRUE,,3
"Julian of Norwich, c.1413 [6] White (translated from 8th)",08/05/2006,,,,TRUE,,3
Tuesday of Easter 4,09/05/2006,,,,TRUE,,3
Wednesday of Easter 4,10/05/2006,,,,TRUE,,3
Thursday of Easter 4,11/05/2006,,,,TRUE,,3
"Thomas Rattray, Bishop, 1743 [6] White",12/05/2006,,,,TRUE,,3
Saturday of Easter 4,13/05/2006,,,,TRUE,,3
Fifth Sunday of Easter [1] White / SPB Fourth Sunday after Easter,14/05/2006,,,,TRUE,,3
"Matthias, Apostle [4] Red (translated from 14 February)",15/05/2006,,,,TRUE,,3
Tuesday of Easter 5,16/05/2006,,,,TRUE,,3
Wednesday of Easter 5,17/05/2006,,,,TRUE,,3
Thursday of Easter 5,18/05/2006,,,,TRUE,,3
Friday of Easter 5,19/05/2006,,,,TRUE,,3
Saturday of Easter 5,20/05/2006,,,,TRUE,,3
Sixth Sunday of Easter [1] White / SPB Fifth Sunday after Easter,21/05/2006,,,,TRUE,,3
"Helena, c.330 [6] White (translated from 21 February)",22/05/2006,,,,TRUE,,3
"William of Perth (or Rochester), 1201 [6] White",23/05/2006,,,,TRUE,,3
Wednesday of Easter 6,24/05/2006,,,,TRUE,,3
ASCENSION DAY [1] White,25/05/2006,,,,TRUE,,3
"Augustine of Canterbury, Bishop, c.604 [6] White (translated from 26th)",26/05/2006,,,,TRUE,,3
Saturday of Easter 6,27/05/2006,,,,TRUE,,3
Seventh Sunday of Easter [1] White / SPB Sunday after Ascension Day,28/05/2006,,,,TRUE,,3
Monday of Easter 7,29/05/2006,,,,TRUE,,3
Tuesday of Easter 7,30/05/2006,,,,TRUE,,3
The Visit of Mary to Elizabeth [4] White,31/05/2006,,,,TRUE,,3
"Justin of Rome, Martyr, c.165 [6] Red",01/06/2006,,,,TRUE,,3
Friday of Easter 7,02/06/2006,,,,TRUE,,3
"Charles Lwanga and his companions, 1886; Janani Luwum, Bishop, 1977, Martyrs of Uganda [6] Red",03/06/2006,,,,TRUE,,3
THE DAY OF PENTECOST (Whitsunday) [1] Red,04/06/2006,,,,TRUE,,3
"Boniface of Mainz, Bishop, Missionary and Martyr, 754 [6] Red",05/06/2006,,,,TRUE,,3
Tuesday after Pentecost,06/06/2006,,,,TRUE,,3
Wednesday after Pentecost,07/06/2006,,,,TRUE,,3
"Ephrem the Syrian, Deacon and Teacher of the Faith, 373 [6] White (Ordination of the Bishop of Argyll, 2004)",08/06/2006,,,,TRUE,,3
"Columba of Iona, Abbot, 597 [4] White",09/06/2006,,,,TRUE,,3
Saturday after Pentecost,10/06/2006,,,,TRUE,,3
Trinity Sunday [2] (Pentecost 1) White,11/06/2006,,,,TRUE,,3
"Barnabas, Apostle [4] Red",12/06/2006,,,,TRUE,,3
Tuesday of Pentecost 1,13/06/2006,,,,TRUE,,3
"Basil of Caesarea, 379; Gregory of Nazianzus, c.390; Gregory of Nyssa, 394, Bishops and Teachers of the Faith [6] White",14/06/2006,,,,TRUE,,3
Corpus Christi [5] White,15/06/2006,,,,TRUE,,3
Friday of Pentecost 1,16/06/2006,,,,TRUE,,3
Saturday of Pentecost 1,17/06/2006,,,,TRUE,,3
Pentecost 2 [3] Green / SPB Trinity 1,18/06/2006,,,,TRUE,,3
"Monday of Pentecost 2 (Ordination of the Bishop of Aberdeen, 1992)",19/06/2006,,,,TRUE,,3
"Fillan, Abbot, c.750 [6] Red",20/06/2006,,,,TRUE,,3
Wednesday of Pentecost 2,21/06/2006,,,,TRUE,,3
"Alban, Martyr, c.209 [6] Red",22/06/2006,,,,TRUE,,3
"Friday of Pentecost 2 (Installation of the Bishop of Edinburgh, 2001)",23/06/2006,,,,TRUE,,3
The Birth of John the Baptist [4] White,24/06/2006,,,,TRUE,,3
Pentecost 3 [3] Green / SPB Trinity 2,25/06/2006,,,,TRUE,,3
"Robert Leighton, Bishop, 1684 [6] White",26/06/2006,,,,TRUE,,3
"Alexander Jolly, Bishop, 1838 [6] White",27/06/2006,,,,TRUE,,3
"Irenaeus of Lyons, Bishop and Teacher of the Faith, 202 [6] White",28/06/2006,,,,TRUE,,3
"Peter, Apostle or Peter and Paul, Apostles [4] Red",29/06/2006,,,,TRUE,,3
Friday of Pentecost 3,30/06/2006,,,,TRUE,,3
"Serf, Bishop, c.550 [6] White",01/07/2006,,,,TRUE,,3
Pentecost 4 [3] Green / SPB Trinity 3,02/07/2006,,,,TRUE,,3
"Thomas, Apostle [4] Red (if not kept on 21 Dec)",03/07/2006,,,,TRUE,,3
Tuesday of Pentecost 4,04/07/2006,,,,TRUE,,3
Wedsday of Pentecost 4,05/07/2006,,,,TRUE,,3
"Palladius, Bishop, c.450 [6] White",06/07/2006,,,,TRUE,,3
Friday of Pentecost 4,07/07/2006,,,,TRUE,,3
Saturday of Pentecost 4,08/07/2006,,,,TRUE,,3
Pentecost 5 [3] Green / SPB Trinity 4,09/07/2006,,,,TRUE,,3
Monday of Pentecost 5,10/07/2006,,,,TRUE,,3
"Benedict of Nursia, Abbot, c.550 [6] White",11/07/2006,,,,TRUE,,3
"Drostan of Deer, Abbot, c.600 [6] White",12/07/2006,,,,TRUE,,3
Thursday of Pentecost 5,13/07/2006,,,,TRUE,,3
Friday of Pentecost 5,14/07/2006,,,,TRUE,,3
Saturday of Pentecost 5,15/07/2006,,,,TRUE,,3
Pentecost 6 [3] Green / SPB Trinity 5,16/07/2006,,,,TRUE,,3
Monday of Pentecost 6,17/07/2006,,,,TRUE,,3
Tuesday of Pentecost 6,18/07/2006,,,,TRUE,,3
Wednesday of Pentecost 6,19/07/2006,,,,TRUE,,3
Thursday of Pentecost 6,20/07/2006,,,,TRUE,,3
"William Wilberforce, 1833 [6] White",21/07/2006,,,,TRUE,,3
Mary Magdalene [4] White,22/07/2006,,,,TRUE,,3
Pentecost 7 [3] Green / SPB Trinity 6,23/07/2006,,,,TRUE,,3
Monday of Pentecost 7,24/07/2006,,,,TRUE,,3
"James, Apostle [4] Red",25/07/2006,,,,TRUE,,3
"Anne and Joachim, Parents of Mary, Mother of the Lord [6] White",26/07/2006,,,,TRUE,,3
Thursday of Pentecost 7,27/07/2006,,,,TRUE,,3
Friday of Pentecost 7,28/07/2006,,,,TRUE,,3
Martha and Mary of Bethany [6] White,29/07/2006,,,,TRUE,,3
Pentecost 8 [3] Green / SPB Trinity 7,30/07/2006,,,,TRUE,,3
"Ignatius Loyola, Priest and Religious, 1556 [6] White",31/07/2006,,,,TRUE,,3
Tuesday of Pentecost 8,01/08/2006,,,,TRUE,,3
Wednesday of Pentecost 8,02/08/2006,,,,TRUE,,3
Thursday of Pentecost 8,03/08/2006,,,,TRUE,,3
Friday of Pentecost 8,04/08/2006,,,,TRUE,,3
"Oswald of Northumbria, Martyr, 642 [6] Red",05/08/2006,,,,TRUE,,3
THE TRANSFIGURATION OF THE LORD [2] White,06/08/2006,,,,TRUE,,3
"Boisil, Prior of Melrose, c.642 [6] White",07/08/2006,,,,TRUE,,3
"Dominic, Priest and Friar, 1221 [6] White",08/08/2006,,,,TRUE,,3
"John Mason Neale, Priest, 1886 [6] White",09/08/2006,,,,TRUE,,3
"Lawrence, Deacon and Martyr, 258 [6] Red",10/08/2006,,,,TRUE,,3
"Clare of Assisi, Religious, 1253 [6] White",11/08/2006,,,,TRUE,,3
"Blane, Missionary, c.590 [6] White",12/08/2006,,,,TRUE,,3
Pentecost 10 [3] Green / SPB Trinity 9,13/08/2006,,,,TRUE,,3
Monday of Pentecost 10,14/08/2006,,,,TRUE,,3
Mary the Virgin [4] White,15/08/2006,,,,TRUE,,3
Wednesday of Pentecost 10,16/08/2006,,,,TRUE,,3
Thursday of Pentecost 10,17/08/2006,,,,TRUE,,3
Friday of Pentecost 10,18/08/2006,,,,TRUE,,3
Saturday of Pentecost 10,19/08/2006,,,,TRUE,,3
Pentecost 11 [3] Green / SPB Trinity 10,20/08/2006,,,,TRUE,,3
Monday of Pentecost 11,21/08/2006,,,,TRUE,,3
Tuesday of Pentecost 11,22/08/2006,,,,TRUE,,3
Wednesday of Pentecost 11,23/08/2006,,,,TRUE,,3
"Bartholomew, Apostle [4] Red",24/08/2006,,,,TRUE,,3
"Ebba of Coldingham, Abbess, 683 [6] White",25/08/2006,,,,TRUE,,3
Saturday of Pentecost 11,26/08/2006,,,,TRUE,,3
Pentecost 12 [3] Green / SPB Trinity 11,27/08/2006,,,,TRUE,,3
Monday of Pentecost 12,28/08/2006,,,,TRUE,,3
The Beheading of John the Baptist [4] Red,29/08/2006,,,,TRUE,,3
Wednesday of Pentecost 12,30/08/2006,,,,TRUE,,3
"Aiden of Lindisfarne, Bishop, 651 [6] White",31/08/2006,,,,TRUE,,3
Friday of Pentecost 15,01/09/2006,,,,TRUE,,3
"The Martyrs of New Guinea, 1942 [6] Red",02/09/2006,,,,TRUE,,3
Pentecost 13 [6] Green / SPB Trinity 12,03/09/2006,,,,TRUE,,3
"Gregory the Great, Bishop and Teacher of the Faith [6] White (translated from 03 September)",04/09/2006,,,,TRUE,,3
Tuesday of Pentecost 13,05/09/2006,,,,TRUE,,3
Wednesday of Pentecost 13,06/09/2006,,,,TRUE,,3
Thursday of Pentecost 13,07/09/2006,,,,TRUE,,3
"The Birth of Mary, Mother of the Lord [5] White",08/09/2006,,,,TRUE,,3
Saturday of Pentecost 13,09/09/2006,,,,TRUE,,3
Pentecost 14 [3] Green / SPB Trinity 13,10/09/2006,,,,TRUE,,3
Monday of Pentecost 14,11/09/2006,,,,TRUE,,3
Tuesday of Pentecost 14,12/09/2006,,,,TRUE,,3
"Cyprian of Carthage, Bishop and Martyr, 258 [6] Red",13/09/2006,,,,TRUE,,3
Holy Cross Day [5] White or Red,14/09/2006,,,,TRUE,,3
Friday of Pentecost 14,15/09/2006,,,,TRUE,,3
"Ninian of Whithorn, Bishop, c.430 [4] White",16/09/2006,,,,TRUE,,3
Pentecost 15 [3] Green / SPB Trinity 14,17/09/2006,,,,TRUE,,3
Monday of Pentecost 15,18/09/2006,,,,TRUE,,3
Tuesday of Pentecost 15,19/09/2006,,,,TRUE,,3
"John Coleridge Patteson, Bishop and Martyr, 1871 [6] Red",20/09/2006,,,,TRUE,,3
"Matthew, Apostle and Evangelist [4] Red",21/09/2006,,,,TRUE,,3
Friday of Pentecost 15,22/09/2006,,,,TRUE,,3
"Adamnan of Iona, Abbot, 704 [6] White",23/09/2006,,,,TRUE,,3
Pentecost 16 [3] Green / SPB Trinity 15,24/09/2006,,,,TRUE,,3
"Finnbar of Caithness, Bishop, c.610 [6] White (Ordination of the Bishop of Moray, 1999)",25/09/2006,,,,TRUE,,3
Tuesday of Pentecost 16,26/09/2006,,,,TRUE,,3
"Vincent de Paul, Priest, 1660 [6] White",27/09/2006,,,,TRUE,,3
Thursday of Pentecost 16,28/09/2006,,,,TRUE,,3
Michael and All Angels [4] White,29/09/2006,,,,TRUE,,3
"Jerome, Priest and Teacher of the Faith, 420 [6] White",30/09/2006,,,,TRUE,,3
Pentecost 17 [3] Green / SPB Trinity 16,01/10/2006,,,,TRUE,,3
"Gregory the Enlightener, Bishop, c.332 [6] White (translated from 01 October)",02/10/2006,,,,TRUE,,3
Tuesday of Pentecost 17,03/10/2006,,,,TRUE,,3
"Francis of Assisi, Deacon and Friar, 1226 [6] White",04/10/2006,,,,TRUE,,3
Thursday of Pentecost 17,05/10/2006,,,,TRUE,,3
Friday of Pentecost 17,06/10/2006,,,,TRUE,,3
Saturday of Pentecost 17,07/10/2006,,,,TRUE,,3
"Pentecost 18 [3] Green / SPB Trinity 17 (Ordination of the Bishop of Brechin, 2005)",08/10/2006,,,,TRUE,,3
Monday of Pentecost 21,09/10/2006,,,,TRUE,,3
Tuesday of Pentecost 21,10/10/2006,,,,TRUE,,3
"Kenneth, Abbot, 600 [6] White",11/10/2006,,,,TRUE,,3
"Elizabeth Fry, 1845 [6] White",12/10/2006,,,,TRUE,,3
Friday of Pentecost 18,13/10/2006,,,,TRUE,,3
Saturday of Pentecost 18,14/10/2006,,,,TRUE,,3
Pentecost 19 [3] Green / SPB Trinity 18,15/10/2006,,,,TRUE,,3
Monday of Pentecost 19,16/10/2006,,,,TRUE,,3
"Ignatius of Antioch, Bishop and Martyr, c.115 [6] Red",17/10/2006,,,,TRUE,,3
"Luke, Evangelist [4] Red",18/10/2006,,,,TRUE,,3
"Henry Martyn, Priest and Missionary, 1812 [6] White",19/10/2006,,,,TRUE,,3
Friday of Pentecost 19,20/10/2006,,,,TRUE,,3
Saturday of Pentecost 19,21/10/2006,,,,TRUE,,3
Pentecost 20 [3] Green / SPB Trinity 19,22/10/2006,,,,TRUE,,3
"James of Jerusalem, Martyr, c.62 [6] Red",23/10/2006,,,,TRUE,,3
Tuesday of Pentecost 20,24/10/2006,,,,TRUE,,3
Wednesday of Pentecost 20,25/10/2006,,,,TRUE,,3
Thursday of Pentecost 20,26/10/2006,,,,TRUE,,3
Friday of Pentecost 20,27/10/2006,,,,TRUE,,3
"Simon and Jude, Apostles [4] Red",28/10/2006,,,,TRUE,,3
Pentecost 21 [3] Green / SPB Trinity 20 (Fifth Sunday before Advent),29/10/2006,,,,TRUE,,3
"James Hannington, Bishop and Companions, Martyrs, 1885 [6] Red (translated from 29 October)",30/10/2006,,,,TRUE,,3
Tuesday of Pentecost 21,31/10/2006,,,,TRUE,,3
ALL SAINTS [2] White,01/11/2006,,,,TRUE,,3
"All Souls [5] Violet or White (Consecration of the Bishop of Edinburgh, 1993)",02/11/2006,,,,TRUE,,3
"Richard Hooker, Priest and Teacher of the Faith, 1660 [6] White",03/11/2006,,,,TRUE,,3
Saturday of Pentecost 21,04/11/2006,,,,TRUE,,3
Pentecost 22 [3] Green / SPB Trinity 21 (Fourth Sunday before Advent),05/11/2006,,,,TRUE,,3
Monday of Pentecost 22,06/11/2006,,,,TRUE,,3
"Willibrord, Bishop and Missionary, 739 [6] White",07/11/2006,,,,TRUE,,3
Wednesday of Pentecost 22,08/11/2006,,,,TRUE,,3
"George Hay Forbes, Priest, 1875 [6] White",09/11/2006,,,,TRUE,,3
"Leo the Great, Bishop and Teacher of the Faith, 461 [6] White",10/11/2006,,,,TRUE,,3
"Martin of Tours, Bishop, c.397 [6] White",11/11/2006,,,,TRUE,,3
Pentecost 23 [3] Green / SPB Trinity 22 (Third Sunday before Advent),12/11/2006,,,,TRUE,,3
"Machar, Bishop, c.600 [6] White (translated from 12 November)",13/11/2006,,,,TRUE,,3
"Tuesday of Pentecost 23 (Ordination of Samuel Seabury, Bishop, 1784)",14/11/2006,,,,TRUE,,3
Wednesday of Pentecost 23,15/11/2006,,,,TRUE,,3
"Margaret of Scotland, 1093 [4] White",16/11/2006,,,,TRUE,,3
"Hilda of Whitby, 680 and Hugh of Lincoln, Bishop, 1200 [6] White",17/11/2006,,,,TRUE,,3
"Fergus, Bishop, c.750 [6] White",18/11/2006,,,,TRUE,,3
Pentecost 24 [3] Green / SPB Trinity 23 (Second Sunday before Advent),19/11/2006,,,,TRUE,,3
Monday of Pentecost 24,20/11/2006,,,,TRUE,,3
"Columban, Bishop, 615 [6] White",21/11/2006,,,,TRUE,,3
"Cecilia, Martyr, c.230 [6] White",22/11/2006,,,,TRUE,,3
"Clement of Rome, Bishop and Martyr, c.100 [6] Red",23/11/2006,,,,TRUE,,3
"Lucy Menzies, 1954 [6] White",24/11/2006,,,,TRUE,,3
Saturday of Pentecost 24,25/11/2006,,,,TRUE,,3
The Last Sunday after Pentecost (Christ the King) [3] White or Red (The Sunday before Advent),26/11/2006,,,,TRUE,,3
Monday after the Last Sunday after Pentecost,27/11/2006,,,,TRUE,,3
Tuesday after the Last Sunday after Pentecost,28/11/2006,,,,TRUE,,3
Wednesday after the Last Sunday after Pentecost,29/11/2006,,,,TRUE,,3
"Andrew, Apostle, Patron of Scotland [4] Red",30/11/2006,,,,TRUE,,3
"Charles de Foucauld, Priest and Hermit, 1916 [6] White",01/12/2006,,,,TRUE,,3
"Nicholas Ferrar, Deacon, 1637 [6] White",02/12/2006,,,,TRUE,,3
