Subject,Start Date,Start Time,End Date,End Time,All day event,Reminder on/off,Description,Priority,Sensitivity,Show time as
First Sunday of Advent [1] Violet,27/11/2011,,,,TRUE,FALSE,"First Sunday of Advent [1] Violet

Eucharist
Isaiah 64:1-9
Psalm 80:1-7, 17-19
1 Corinthians 1:3-9
Mark 13:24-37

Daily Prayer: Anticipation
Isaiah 1:1-12
1 Thessalonians 5:1-11
John 3:1-17

Alternative Psalms
Morning: 9
Evening: 25",Normal,Normal,3
Monday after First Sunday of Advent,28/11/2011,,,,TRUE,FALSE,,Normal,Normal,3
Tuesday after First Sunday of Advent,29/11/2011,,,,TRUE,FALSE,,Normal,Normal,3
"Andrew, Apostle, Patron of Scotland [4] Red",30/11/2011,,,,TRUE,FALSE,"Andrew, Apostle, Patron of Scotland [4] Red

DAILY EUCHARIST
Deuteronomy 30:11-14 or Isaiah 52:7-10
Psalm 19:1-6
Romans 10:(8b-11), 12-18
Matthew 4:18-22

MORNING PRAYER: Festivals
Isaiah 49:1-6
1 Corinthians 4:1-16

EVENING PRAYER: Festivals
Isaiah 55:1-5
John 1:35-42",Normal,Normal,3
"Charles de Foucauld, Priest and Hermit, 1916 [6] White",01/12/2011,,,,TRUE,FALSE,,Normal,Normal,3
"Nicholas Ferrar, Deacon, 1637 [6] White",02/12/2011,,,,TRUE,FALSE,,Normal,Normal,3
"Francis Xavier, Priest and Missionary, 1552 [6] White",03/12/2011,,,,TRUE,FALSE,,Normal,Normal,3
Second Sunday of Advent [1] Violet,04/12/2011,,,,TRUE,FALSE,"Second Sunday of Advent [1] Violet

Eucharist
Isaiah 40:1-11
Psalm 85:1-2, 8-13
2 Peter 3:8-15a
Mark 1:1-8

Daily Prayer: Anticipation
1 Kings 22:1-28
Romans 13:11-14
John 1:19-28

Alternative Psalms
Morning: 11
Evening: 40:11-17",Normal,Normal,3
"Clement of Alexandria, Teacher of the Faith, c.210 [6] White (translated from 04 December)",05/12/2011,,,,TRUE,FALSE,,Normal,Normal,3
"Nicholas of Myra, Bishop, 4th century [6] White",06/12/2011,,,,TRUE,FALSE,,Normal,Normal,3
"Ambrose of Milan, Bishop and Teacher of the Faith, c.210 [6] White",07/12/2011,,,,TRUE,FALSE,,Normal,Normal,3
"Conception of Mary, Mother of the Lord [5] White",08/12/2011,,,,TRUE,FALSE,,Normal,Normal,3
Friday after Second Sunday of Advent,09/12/2011,,,,TRUE,FALSE,,Normal,Normal,3
Saturday after Second Sunday of Advent,10/12/2011,,,,TRUE,FALSE,,Normal,Normal,3
Third Sunday of Advent [1] Violet,11/12/2011,,,,TRUE,FALSE,"Third Sunday of Advent [1] Violet

Eucharist
Isaiah 61:1-4, 8-11
Psalm 126 or Canticle: Luke 1:47-55
1 Thessalonians 5:16-24
John 1:6-8, 19-28

Daily Prayer: Anticipation
Isaiah 5:8-30
Acts 13:13-41
John 5:31-40

Alternative Psalms
Morning: 12
Evening: 68:1-8 (9-20)",Normal,Normal,3
Monday after Third Sunday of Advent,12/12/2011,,,,TRUE,FALSE,,Normal,Normal,3
Tuesday after Third Sunday of Advent,13/12/2011,,,,TRUE,FALSE,,Normal,Normal,3
"John of the Cross, Priest, Teacher of the Faith, 1591 [6] White",14/12/2011,,,,TRUE,FALSE,,Normal,Normal,3
Thursday after Third Sunday of Advent,15/12/2011,,,,TRUE,FALSE,,Normal,Normal,3
Friday after Third Sunday of Advent,16/12/2011,,,,TRUE,FALSE,,Normal,Normal,3
Saturday after Third Sunday of Advent,17/12/2011,,,,TRUE,FALSE,,Normal,Normal,3
Fourth Sunday of Advent [1] Violet,18/12/2011,,,,TRUE,FALSE,"Fourth Sunday of Advent [1] Violet

Eucharist
2 Samuel 7:1-11, 16
Canticle: Luke 1:47-55 or Psalm 89:1-4, 19-26
Romans 16:25-27
Luke 1:26-38

Daily Prayer for 18 December: Anticipation
Genesis 3:8-15
Revelation 12:1-10
John 3:16-21",Normal,Normal,3
Monday after Fourth Sunday of Advent,19/12/2011,,,,TRUE,FALSE,,Normal,Normal,3
Tuesday after Fourth Sunday of Advent,20/12/2011,,,,TRUE,FALSE,,Normal,Normal,3
"Thomas, Apostle [4] Red (if not kept on 3 July)",21/12/2011,,,,TRUE,FALSE,"Thomas, Apostle [4] Red (if not kept on 3 July)

DAILY EUCHARIST
Habakkuk 2:1-4
Psalm 31:1-6
Hebrews 10:35 - 11:1 or Ephesians 2:19-22
John 20:24-29

MORNING PRAYER: Festivals
Job 42:1-6
1 Peter 1:3-9

EVENING PRAYER: Festivals
Isaiah 43:8-13
John 14:1-7

or readings for 21 December

DAILY EUCHARIST
Song of Solomon 2:8-14 or Zephaniah 3:14-18a
Psalm 33:1-5, 20-22
Luke 1:39-45

DAILY PRAYER: Anticipation 
Isaiah 28:9-22
Revelation 21:9-21
Luke 1:26-38",Normal,Normal,3
Thursday after Fourth Sunday of Advent,22/12/2011,,,,TRUE,FALSE,,Normal,Normal,3
Friday after Fourth Sunday of Advent,23/12/2011,,,,TRUE,FALSE,,Normal,Normal,3
Christmas Eve [2] White,24/12/2011,,,,TRUE,FALSE,"Christmas Eve [2] White

Daily Eucharist
2 Samuel 7:1-16
Psalm 89:1-4, 19-29
Luke 1:67-79

Morning Prayer: Anticipation
Baruch 4:36 - 5:9
Galatians 3:23 - 4:7
Matthew 1:18-25

Evening Prayer: Anticipation
Isaiah 59:15b-21
Philippians 2:5-11",Normal,Normal,3
CHRISTMAS DAY [1] White,25/12/2011,,,,TRUE,FALSE,"CHRISTMAS DAY [1] White
Any of these propers may be used at midnight or during the day.  Those listed under C should be used at least once during the Christmas season.

A
Isaiah 9:2-7
Psalm 96
Titus 2:11-14
Luke 2:1-14, (15-20)

B
Isaiah 62:6-12
Psalm 97
Titus 3:4-7
Luke 2 (1-7) 8-20

C
Isaiah 52:7-10
Psalm 98
Hebrews 1:1-4, (5-12)
John 1:1-14

Daily Prayer: Incarnation
Micah 4:1-5; 5:2-4
1 John 4:7-16
John 3:31-36",Normal,Normal,3
"Stephen, Deacon and Martyr [4] Red",26/12/2011,,,,TRUE,FALSE,"Stephen, Deacon and Martyr [4] Red

DAILY EUCHARIST
Jeremiah 26:1-9, 12-15
Psalm 31:1-7, 16
Acts 6:8 - 7:2a, 51c-60
Matthew 23:34-39

MORNING PRAYER: Incarnation/Festivals
2 Chronicles 24:17-22
Acts 6:1-7

EVENING PRAYER: Incarnation/Festivals
Wisdom 4:7-15
Acts 7:59 - 8:8",Normal,Normal,3
"John, Apostle and Evangelist [4] White",27/12/2011,,,,TRUE,FALSE,"John, Apostle and Evangelist [4] White

DAILY EUCHARIST
Genesis 1 or Genesis 1:1-5, 12-19
Psalm 92:1-2, 11-14
1 John 1:1-9
John 20:1-8

MORNING PRAYER: Incarnation/Festivals
Proverbs 8:22-30
John 13:20-35

EVENING PRAYER: Incarnation/Festivals
Isaiah 44:1-8
1 John 5:1-12",Normal,Normal,3
The Holy Innocents [4] White,28/12/2011,,,,TRUE,FALSE,"The Holy Innocents [4] White

DAILY EUCHARIST
Jeremiah 31:15-17
Psalm 124
Revelation 21:1-7
Matthew 2:13-18

MORNING PRAYER: Incarnation/Festivals
Isaiah 49:13-23
Matthew 18:1-14

EVENING PRAYER: Incarnation/Festivals
Isaiah 54:1-13
Mark 10:13-16",Normal,Normal,3
"Thomas of Canterbury, Bishop and Martyr, 1170 [6] Red",29/12/2011,,,,TRUE,FALSE,,Normal,Normal,3
"Josephine Butler, 1905 [6] White",30/12/2011,,,,TRUE,FALSE,,Normal,Normal,3
"John Wycliffe, Priest, 1384 [6] White",31/12/2011,,,,TRUE,FALSE,,Normal,Normal,3
THE NAMING OF JESUS [2] White,01/01/2012,,,,TRUE,FALSE,"THE NAMING OF JESUS [2] White

Eucharist
Numbers 6:22-27
Psalm 8
Galatians 4:4-7 or Philippians 2:5-11
Luke 2:15-21

Daily Prayer: Incarnation/Festivals
Genesis 17:1-12a, 15-16
Colossians 2:6-12
John 16:23b-30",Normal,Normal,3
"Seraphim of Sarov, 1833 [6] White",02/01/2012,,,,TRUE,FALSE,,Normal,Normal,3
Tuesday after the First Sunday after Christmas,03/01/2012,,,,TRUE,FALSE,,Normal,Normal,3
Wednesday after the First Sunday after Christmas,04/01/2012,,,,TRUE,FALSE,,Normal,Normal,3
Thursday after the First Sunday after Christmas,05/01/2012,,,,TRUE,FALSE,,Normal,Normal,3
THE EPIPHANY [1] White,06/01/2012,,,,TRUE,FALSE,"THE EPIPHANY [1] White

Eucharist
Isaiah 60:1-6
Psalm 72:1-7, 10-14
Ephesians 3:1-12
Matthew 2:1-12

Daily Prayer: Incarnation
Isaiah 52:7-10
Revelation 21:22-27
Matthew 12:14-21",Normal,Normal,3
Saturday after the First Sunday after Christmas,07/01/2012,,,,TRUE,FALSE,,Normal,Normal,3
First Sunday after Epiphany: The Baptism of the Lord [2] White,08/01/2012,,,,TRUE,FALSE,"First Sunday after Epiphany: The Baptism of the Lord [2] White

Eucharist
Genesis 1:1-5
Psalm 29
Acts 19:1-7
Mark 1:4-11

Daily Prayer: Week A
Isaiah 42:1-9
Ephesians 2:1-10
Luke 3:15-22

Alternative Psalms
Morning: 46
Evening: 89:20-29",Normal,Normal,3
Monday after First Sunday after Epiphany,09/01/2012,,,,TRUE,FALSE,,Normal,Normal,3
"William Laud, Bishop, 1645 [6] Red",10/01/2012,,,,TRUE,FALSE,,Normal,Normal,3
"David, King of Scots, 1153 [6] Red",11/01/2012,,,,TRUE,FALSE,,Normal,Normal,3
Thursday after First Sunday after Epiphany,12/01/2012,,,,TRUE,FALSE,,Normal,Normal,3
"Kentigern (or Mungo), Bishop c.603 [4] White",13/01/2012,,,,TRUE,FALSE,"Kentigern (or Mungo), Bishop c.603 [4] White

DAILY EUCHARIST
Isaiah 52:7-10
Psalm 16:5-11
1 Thessalonians 2:2-12 or 1 Corinthians 9:16-19, 22-23
Matthew 28:16-20

MORNING PRAYER: Festivals
Isaiah 44:1-8
1 Thessalonians 1:2-10 or 2 Corinthians 2:12 - 3:11

EVENING PRAYER: Festivals
Sirah 50:1-24 or Isaiah 52:7-12
John 1:1-18",Normal,Normal,3
"Hilary of Poitiers, Bishop and Teacher of the Faith, c.367 [6] White",14/01/2012,,,,TRUE,FALSE,,Normal,Normal,3
Second Sunday after Epiphany [3] Green,15/01/2012,,,,TRUE,FALSE,"Second Sunday after Epiphany [3] Green

Eucharist
1 Samuel 3:1-10, (11-20)
Psalm 139:1-6, 13-18
1 Corinthians 6:12-20
John 1:43:51

Daily Prayer: Week B
Isaiah 60:9-22
Galatians 1:11-24
John 1:43-51

Alternative Psalms
Morning: 96
Evening: 145:1-12",Normal,Normal,3
Monday after Second Sunday after Epiphany,16/01/2012,,,,TRUE,FALSE,,Normal,Normal,3
"Antony of Egypt, Abbot, 356 [6] White",17/01/2012,,,,TRUE,FALSE,,Normal,Normal,3
The Confession of Peter [6] White,18/01/2012,,,,TRUE,FALSE,,Normal,Normal,3
Thursday after Second Sunday after Epiphany,19/01/2012,,,,TRUE,FALSE,,Normal,Normal,3
Friday after Second Sunday after Epiphany,20/01/2012,,,,TRUE,FALSE,,Normal,Normal,3
"Agnes, Martyr, c.304 [6] Red",21/01/2012,,,,TRUE,FALSE,,Normal,Normal,3
Third Sunday after Epiphany [3] Green,22/01/2012,,,,TRUE,FALSE,"Third Sunday after Epiphany [3] Green

Eucharist
Jonah 3:1-5, 10
Psalm 62:5-12
1 Corinthians 7:29-31
Mark 1:14-20

Daily Prayer: Week C
Jeremiah 3:21 - 4:2
1 Peter 1:3-12
Luke 4:12-21

Alternative Psalms
Morning: 33
Evening: 113",Normal,Normal,3
Monday after Third Sunday after Epiphany,23/01/2012,,,,TRUE,FALSE,,Normal,Normal,3
"Francis de Sales, Bishop, 1622 [6] White",24/01/2012,,,,TRUE,FALSE,,Normal,Normal,3
"The Conversion of Paul, Apostle [4] White",25/01/2012,,,,TRUE,FALSE,"The Conversion of Paul, Apostle [4] White

DAILY EUCHARIST
Acts 26:9-23
Psalm 67
Galatians 1:11-24
Matthew 10:16-22 or Matthew 19:27-30

MORNING PRAYER: Festivals
Isaiah 45:18-25
Philippians 3:4b-11

EVENING PRAYER: Festivals
Sirach 39:1-10
Acts 9:1-22",Normal,Normal,3
"Timothy and Titus, Bishops [6] White",26/01/2012,,,,TRUE,FALSE,,Normal,Normal,3
"John Chrysostom, Bishop and Teacher of the Faith, 407 [6] White",27/01/2012,,,,TRUE,FALSE,,Normal,Normal,3
"Thomas Aquinas, Teacher of the Faith, 1274 [6] White",28/01/2012,,,,TRUE,FALSE,,Normal,Normal,3
Fourth Sunday after Epiphany [3] Green,29/01/2012,,,,TRUE,FALSE,"Fourth Sunday after Epiphany [3] Green

Eucharist
Deuteronomy 18:15-20
Psalm 111
1 Corinthians 8:1-13
Mark 1:21-28

Daily Prayer: Week D
1 Samuel 3:1-20
1 Corinthians 14:12-20
Matthew 13:10-17

Alternative Psalms
Morning: 34
Evening: 71:1-6, 15-17",Normal,Normal,3
"Charles I, King, 1649 [6] Red",30/01/2012,,,,TRUE,FALSE,,Normal,Normal,3
"Charles Mackenzie of Central Africa, Bishop, Missionary, Martyr, 1862 [6] Red",31/01/2012,,,,TRUE,FALSE,,Normal,Normal,3
"Bride of Kildare, Abbess, c.525 [6] White",01/02/2012,,,,TRUE,FALSE,,Normal,Normal,3
THE PRESENTATION OF THE LORD [2] White,02/02/2012,,,,TRUE,FALSE,"THE PRESENTATION OF THE LORD [2] White

Eucharist
Malachi 3:1-4
Psalm 84 or 24:7-10
Hebrews 2:14-18
Luke 2:22-40

Morning Prayer: Festivals
1 Samuel 2:1-10
John 8:31-36

Evening Prayer: Festivals
Haggai 2:1-9
1 John 3:1-8",Normal,Normal,3
Saints and Martyrs of Europe [6] Red,03/02/2012,,,,TRUE,FALSE,,Normal,Normal,3
"Saturday after Fourth Sunday after Epiphany (Consecration of the Bishop of Argyll, 2010)",04/02/2012,,,,TRUE,FALSE,,Normal,Normal,3
Fifth Sunday after Epiphany [3] Green (SPB Septuagesima - Violet),05/02/2012,,,,TRUE,FALSE,"Fifth Sunday after Epiphany [3] Green (SPB Septuagesima - Violet)

Eucharist
Isaiah 40:21-31
Psalm 147:1-11, 20c
1 Corinthians 9:16-23
Mark 1:29-39

Daily Prayer: Week A
Numbers 13:1-2, 27-33
Philippians 2:12-28
Luke 5:1-11

Alternative Psalms
Morning: 1, 3
Evening: 4",Normal,Normal,3
"Paul Miki, Priest, and the Martyrs of Japan, 1597 [6] Red",06/02/2012,,,,TRUE,FALSE,,Normal,Normal,3
Tuesday after Fifth Sunday after Epiphany,07/02/2012,,,,TRUE,FALSE,,Normal,Normal,3
Wednesday after Fifth Sunday after Epiphany,08/02/2012,,,,TRUE,FALSE,,Normal,Normal,3
Thursday after Fifth Sunday after Epiphany,09/02/2012,,,,TRUE,FALSE,,Normal,Normal,3
"Scholastica, Religious, 543 [6] White",10/02/2012,,,,TRUE,FALSE,,Normal,Normal,3
Saturday after Fifth Sunday after Epiphany,11/02/2012,,,,TRUE,FALSE,,Normal,Normal,3
Sixth Sunday after Epiphany [3] Green (SPB Sexagesima - Violet),12/02/2012,,,,TRUE,FALSE,"Sixth Sunday after Epiphany [3] Green (SPB Sexagesima - Violet)

Eucharist
2 Kings 5:1-14
Psalm 30
1 Corinthians 9:24-27
Mark 1:40-45

Daily Prayer: Week B
Numbers 22:1 - 23:12
Philippians 3:17-21
Luke 6:17-26

Alternative Psalms
Morning: 13
Evening: 6",Normal,Normal,3
Monday after Sixth Sunday after Epiphany,13/02/2012,,,,TRUE,FALSE,,Normal,Normal,3
"Cyril, Monk, 869, and Methodius, Bishop, 885, 'Apostles of the Slavs' [6] White",14/02/2012,,,,TRUE,FALSE,,Normal,Normal,3
"Thomas Bray, Priest and Missionary, 1730 [6] White",15/02/2012,,,,TRUE,FALSE,,Normal,Normal,3
Thursday after Sixth Sunday after Epiphany,16/02/2012,,,,TRUE,FALSE,,Normal,Normal,3
"Finan of Lindisfarne, Bishop, 661 [6] White",17/02/2012,,,,TRUE,FALSE,,Normal,Normal,3
"Colman of Lindisfarne, Bishop, 767 [6] White",18/02/2012,,,,TRUE,FALSE,,Normal,Normal,3
Sunday before Lent [3] Green (SPB Quinquagesima - Violet),19/02/2012,,,,TRUE,FALSE,"Sunday before Lent [3] Green (SPB Quinquagesima - Violet)

Eucharist
2 Kings 2:1-12
Psalm 50:1-6
2 Corinthians 4:3-6
Mark 9:2-9

Daily Prayer (Sunday of Week of Proper 7): Week C
Numbers 22:21 - 23:12
Philippians 4:10-20
Luke 6:27-38

Alternative Psalms
Morning: 18:1-19 or 19:19-29
Evening: 10",Normal,Normal,3
"Martin Luther, 1545 [6] White (translated from 19 February)",20/02/2012,,,,TRUE,FALSE,,Normal,Normal,3
Tuesday after Sunday before Lent,21/02/2012,,,,TRUE,FALSE,,Normal,Normal,3
Ash Wednesday [1] Violet or Lenten Array,22/02/2012,,,,TRUE,FALSE,"Ash Wednesday [1] Violet or Lenten Array

Eucharist (A, B, C)
Joel 2:1-2, 12-17 or Isaiah 58:1-12
Psalm 51:1-17
2 Corinthians 5:20b - 6:10
Matthew 6:1-6, 16-21

Daily Prayer: Returning to God
Amos 5:6-15
Hebrews 12:1-14
Luke 18:9-14",Normal,Normal,3
"Polycarp of Smyrna, Bishop and Martyr, 156 [6] Red",23/02/2012,,,,TRUE,FALSE,,Normal,Normal,3
Friday after Ash Wednesday,24/02/2012,,,,TRUE,FALSE,,Normal,Normal,3
Saturday after Ash Wednesday,25/02/2012,,,,TRUE,FALSE,,Normal,Normal,3
First Sunday of Lent [1] Violet or Lenten Array,26/02/2012,,,,TRUE,FALSE,"First Sunday of Lent [1] Violet or Lenten Array

Eucharist
Genesis 9:8-17
Psalm 25:1-10
1 Peter 3:18-22
Mark 1:9-15

Daily Prayer: Returning to God
Genesis 2:15-17; 3:1-7
Romans 10:8b-13
Luke 13:31-35

Alternative Psalms
Morning: 50:1-15
Evening: 119:17-32",Normal,Normal,3
Monday after First Sunday of Lent,27/02/2012,,,,TRUE,FALSE,,Normal,Normal,3
Tuesday after First Sunday of Lent,28/02/2012,,,,TRUE,FALSE,,Normal,Normal,3
Wednesday after First Sunday of Lent,29/02/2012,,,,TRUE,FALSE,,Normal,Normal,3
"David, Bishop, Patron of Wales, c.544 [6] White",01/03/2012,,,,TRUE,FALSE,,Normal,Normal,3
"Chad of Lichfield, Bishop, 672 [6] White",02/03/2012,,,,TRUE,FALSE,,Normal,Normal,3
"John and Charles Wesley, Priests, 1791 and 1788 [6] White",03/03/2012,,,,TRUE,FALSE,,Normal,Normal,3
Second Sunday of Lent [1] Violet or Lenten Array,04/03/2012,,,,TRUE,FALSE,"Second Sunday of Lent [1] Violet or Lenten Array

Eucharist
Genesis 17:1-7, 15-16
Psalm 22:23-31
Romans 4:13-25
Mark 8:31-38 or Mark 9:2-9

Daily Prayer: Returning to God
Genesis 12:1-9
Hebrews 11:1-3, 8-16
Matthew 8:1-13

Alternative Psalms
Morning: 135:1-14
Evening: 74",Normal,Normal,3
"Adrian of May Island, Abbot, and Companions, Martyrs, 875 [6] Red (translated from 04 March)",05/03/2012,,,,TRUE,FALSE,,Normal,Normal,3
"Baldred, Bishop, 608 [6] White",06/03/2012,,,,TRUE,FALSE,,Normal,Normal,3
"Perpetua and her Companions, Martyrs, 203 [6] Red",07/03/2012,,,,TRUE,FALSE,,Normal,Normal,3
"Duthac, Bishop, 1068 [6] White",08/03/2012,,,,TRUE,FALSE,,Normal,Normal,3
Friday after Second Sunday of Lent,09/03/2012,,,,TRUE,FALSE,,Normal,Normal,3
"Kessog, Bishop, c.700 [6] Red (Ordination of the Bishop of St Andrews, 2005)",10/03/2012,,,,TRUE,FALSE,,Normal,Normal,3
"Third Sunday of Lent [1] Violet or Lenten Array (Ordination of the Bishop of St Andrews, 2005)",11/03/2012,,,,TRUE,FALSE,"Third Sunday of Lent [1] Violet or Lenten Array
(Ordination of the Bishop of St Andrews, 2005)

Eucharist
Exodus 20:1-17
Psalm 19
1 Corinthians 1:18-25
John 2:13-22

Daily Prayer: Returning to God
Exodus 5:1 - 6:1
Philippians 3:4b-14
Matthew 10:16-22

Alternative Psalms
Morning: 40
Evening: 11, 12",Normal,Normal,3
Monday after Third Sunday of Lent,12/03/2012,,,,TRUE,FALSE,,Normal,Normal,3
Tuesday after Third Sunday of Lent,13/03/2012,,,,TRUE,FALSE,,Normal,Normal,3
Wednesday after Third Sunday of Lent,14/03/2012,,,,TRUE,FALSE,,Normal,Normal,3
Thursday after Third Sunday of Lent,15/03/2012,,,,TRUE,FALSE,,Normal,Normal,3
"Boniface of Ross, Bishop, 8th century [6] White",16/03/2012,,,,TRUE,FALSE,,Normal,Normal,3
"Patrick, Bishop, Patron of Ireland, 461 [4] White",17/03/2012,,,,TRUE,FALSE,"Patrick, Bishop, Patron of Ireland, 461 [4] White

DAILY EUCHARIST
Ezekiel 34:11-16
Psalm 96
1 Thessalonians 2:2-12 or 1 Corinthians 1:18-25
Matthew 28:16-20 or Luke 22:24-30

MORNING PRAYER: Festivals
Isaiah 8:19 - 9:2
Acts 16:6-10

EVENING PRAYER: Festivals
Isaiah 42:1-17
Luke 10:1-20",Normal,Normal,3
Fourth Sunday of Lent [1] Violet or Lenten Array,18/03/2012,,,,TRUE,FALSE,"Fourth Sunday of Lent [1] Violet or Lenten Array

Eucharist
Numbers 21:4-9
Psalm 107,1-3, 17-22
Ephesians 2:1-10
John 3:14-21

Daily Prayer: Returning to God
Exodus 6:2-13
Romans 5:1-11
John 12:1-8

Alternative Psalms
Morning: 31:1-8, (9-16)
Evening: 13, 14",Normal,Normal,3
Joseph of Nazareth [4] White,19/03/2012,,,,TRUE,FALSE,"Joseph of Nazareth [4] White

DAILY EUCHARIST
2 Samuel 7:4-16
Psalm 89:1-4, 26-29, (30-36)
Romans 4:13-18
Luke 2:41-52 or Matthew 1:18-25

MORNING PRAYER: Festivals
Isaiah 63:7-16
Matthew 1:18-25

EVENING PRAYER: Festivals
2 Chronicles 6:12-17
Ephesians 3:14-21",Normal,Normal,3
"Cuthbert, Bishop, 687 [6] White",20/03/2012,,,,TRUE,FALSE,,Normal,Normal,3
"Thomas Cranmer, Bishop, 1556 [6] Red",21/03/2012,,,,TRUE,FALSE,,Normal,Normal,3
"Thomas Ken, Bishop, 1711 [6] White",22/03/2012,,,,TRUE,FALSE,,Normal,Normal,3
"Cyril of Jerusalem, Bishop and Teacher of the Faith, 386 [6] White (translated from 18 March)",23/03/2012,,,,TRUE,FALSE,,Normal,Normal,3
"Paul Couturier, Priest, 1953 [6] White",24/03/2012,,,,TRUE,FALSE,,Normal,Normal,3
Fifth Sunday of Lent [1] Violet or Lenten Array,25/03/2012,,,,TRUE,FALSE,"Fifth Sunday of Lent [1] Violet or Lenten Array

Eucharist
Jeremiah 31:31-34
Psalm 51:1-12 or 119:9-16
Hebrews 5:5-10
John 12:20-33

Daily Prayer: Suffering Christ
Exodus 7:8-24
Romans 5:12-21
Luke 22:1-13

Alternative Psalms
Morning: 30
Evening: 34",Normal,Normal,3
THE ANNUNCIATION OF THE LORD [2] White (translated from 25 March),26/03/2012,,,,TRUE,FALSE,"THE ANNUNCIATION OF THE LORD [2] White (translated from 25 March)

Eucharist
Isaiah 7:10-14
Psalm 40:5-10 or Psalm 45
Hebrews 10:4-10
Luke 1:26-38

Morning Prayer: Festivals
Isaiah 52:7-12
Hebrews 2:5-10

Evening Prayer: Festivals
Wisdom of Solomon 9:1-12
John 1:9-14",Normal,Normal,3
Tuesday after Fifth Sunday of Lent,27/03/2012,,,,TRUE,FALSE,,Normal,Normal,3
"Patrick Forbes, Bishop, 1636, and the Aberdeen Doctors, Teachers of the Faith [6] White",28/03/2012,,,,TRUE,FALSE,,Normal,Normal,3
"John Keble, Priest, 1866 [6] White",29/03/2012,,,,TRUE,FALSE,,Normal,Normal,3
Friday after Fifth Sunday of Lent,30/03/2012,,,,TRUE,FALSE,,Normal,Normal,3
Saturday after Fifth Sunday of Lent,31/03/2012,,,,TRUE,FALSE,,Normal,Normal,3
The Sunday of the Passion (Palm Sunday) [1] Red or Violet,01/04/2012,,,,TRUE,FALSE,"The Sunday of the Passion (Palm Sunday) [1] Red or Violet

Liturgy of the Palms
Mark 11:1-11 or John 12:12-26
Psalm 118:1-2, 19-29

Liturgy of the Passion
Isaiah 50:4-9a
Psalm 31:9-16
Philippians 2:5-11
Mark 14:1-15, 47 or Mark 15:1-39, (40-47)

Morning Prayer: Suffering Christ
Zechariah 9:9-12
1 Timothy 6:12-16

Evening Prayer: Suffering Christ
Zechariah 12:9-11; 13:1, 7-9
Luke 19:41-48",Normal,Normal,3
Monday of Holy Week [1] Red or Violet,02/04/2012,,,,TRUE,FALSE,"Monday of Holy Week [1] Red or Violet

Daily Eucharist for Monday of Holy Week
Isaiah 42:1-9
Psalm 36:5-11
Hebrew 9:11-15
John 12:1-11

Daily Prayer: Suffering Christ
Lamentations 1:1-2, 6-12
2 Corinthians 1:1-7
Mark 11:12-25",Normal,Normal,3
Tuesday of Holy Week [1] Red or Violet,03/04/2012,,,,TRUE,FALSE,"Tuesday of Holy Week [1] Red or Violet

Daily Eucharist for Tuesday of Holy Week
Isaiah 49:1-7
Psalm 71:1-14
1 Corinthians 1:18-31
John 12:20-36

Daily Prayer: Suffering Christ
Lamentations 1:17-22
2 Corinthians 1:8-22
Mark 11:27-33",Normal,Normal,3
Wednesday of Holy Week [1] Red or Violet,04/04/2012,,,,TRUE,FALSE,"Wednesday of Holy Week [1] Red or Violet

Daily Eucharist for Wednesday of Holy Week
Isaiah 50:4-9a
Psalm 70
Hebrew 12:1-3
John 13:21-32

Daily Prayer: Suffering Christ
Lamentations 2:1-9
2 Corinthians 1:23 - 2:11
Mark 12:1-11",Normal,Normal,3
Maundy Thursday [1] White at the Eucharist,05/04/2012,,,,TRUE,FALSE,"Maundy Thursday [1] White at the Eucharist

Eucharist for Maundy Thursday (A, B, C)
Exodus 12:1-4, (5-10), 11-14
Psalm 116:1-2, 12-19
1 Corinthians 11:23-26
John 13:1-17, 31b-35

Daily Prayer: Suffering Christ
Lamentations 2:10-18
1 Corinthians 10:14-17; 11:27-32
Mark 14:12-25",Normal,Normal,3
Good Friday [1] Red for the Liturgy; Hangings removed,06/04/2012,,,,TRUE,FALSE,"Good Friday [1] Red for the Liturgy; Hangings removed

GOOD FRIDAY [1] A,B,C
Isaiah 52: 13 - 53:12
Psalm 22
Hebrews 10:16-25 or Hebrews 4:14-16; 5:7-9
John 18:1 - 19:42

Daily Prayer: Suffering Christ
Lamentations 3:1-9, 19-33
1 Peter 1:10-20
Morning: John 13:36-38
Evening: John 19:38-42",Normal,Normal,3
Holy Saturday (Easter Eve) [1] Hangings removed; White at the Easter Vigil,07/04/2012,,,,TRUE,FALSE,"Holy Saturday (Easter Eve) [1] Hangings removed; White at the Easter Vigil

At services other than the Easter Vigil: 
Job 14.1-14 or Lam 3.1-9,19-24 
Psalm 31.1-4,15-16
1 Peter 4.1-8
Matthew 27.57-66 or John 19.38-42

Daily Prayer: Suffering Christ
Lamentations 3:37-58
Morning: Hebrews 4:1-16
Evening: Romans 8:1-11

EASTER VIGIL [1]
A minumum of three Old Testament readings (with their psalm or canticle) should be chosen.  The reading from Exodus 14 should always be used.

Genesis 1.1-2.4a
Genesis 7.1-5,11-18;8.6-18;9.8-13
Genesis 22.1-18
Exodus 14.10-31;15.20-21
Isaiah 55.1-11
Baruch 3.9-15,32-4.4 or Proverbs 8.1-8,19-21;9.4b-6
Ezekiel 36.24-28
Ezekiel 37.1-14
Zephaniah 3.14-20
Psalm 136.1-9,23-26
Psalm 46
Psalm 16
Canticle: Exodus 15.1b-13,17-18
Canticle: Isaiah 12.2-6
Psalm 19
Psalms 42,43
Psalm 143
Psalm 98

New Testament Reading: Romans 6.3-11
Gradual Psalm: 114
Gospel: Mark 16:1-8",Normal,Normal,3
EASTER DAY [1] White,08/04/2012,,,,TRUE,FALSE,"EASTER DAY [1] White

Eucharist
Acts 10:34-43 or Isaiah 25:6-9
Psalm 118:1-2, 14-24
1 Corinthians 15:1-11 or Acts 10:34-43
John 20:1-18 or Mark 16:1-8

Daily Prayer: New Life, The Lord
Ezekiel 37:1-14
1 Corinthians 15:1-11
Luke 24:13-35

Alternative Psalms
Morning: 114, 117
Evening: 66",Normal,Normal,3
Monday of Easter week,09/04/2012,,,,TRUE,FALSE,,Normal,Normal,3
Tuesday of Easter week,10/04/2012,,,,TRUE,FALSE,,Normal,Normal,3
Wednesday of Easter week,11/04/2012,,,,TRUE,FALSE,,Normal,Normal,3
Thursday of Easter week,12/04/2012,,,,TRUE,FALSE,,Normal,Normal,3
Friday of Easter week,13/04/2012,,,,TRUE,FALSE,,Normal,Normal,3
Saturday of Easter week,14/04/2012,,,,TRUE,FALSE,,Normal,Normal,3
Second Sunday of Easter [1] White; SPB First Sunday after Easter,15/04/2012,,,,TRUE,FALSE,"Second Sunday of Easter [1] White; SPB First Sunday after Easter

Eucharist
Acts 4:32-35
Psalm 133
1 John 1:1 - 2:2
John 20:19-31

Daily Prayer: New Life, The Lord
Isaiah 26:1-9, 19
Romans 4:13-25
Luke 24:1-12

Alternative Psalms
Morning: 30:1-5
Evening: 143:1-11",Normal,Normal,3
"Magnus of Orkney, Martyr, c.1116 [6] Red",16/04/2012,,,,TRUE,FALSE,,Normal,Normal,3
"Donnan, Abbot and Companions, Martyrs, c.617 [6] Red",17/04/2012,,,,TRUE,FALSE,,Normal,Normal,3
Wednesday after Second Sunday of Easter,18/04/2012,,,,TRUE,FALSE,,Normal,Normal,3
Thursday after Second Sunday of Easter,19/04/2012,,,,TRUE,FALSE,,Normal,Normal,3
"Maelrubha of Applecross, Abbot, 722 [6] White",20/04/2012,,,,TRUE,FALSE,,Normal,Normal,3
"Anselm of Canterbury, Bishop and Teacher of the Faith, 1109 [6] White",21/04/2012,,,,TRUE,FALSE,,Normal,Normal,3
"Third Sunday of Easter [1] White; SPB Second Sunday after Easter (Ordination of the Bishop of Glasgow, 2010)",22/04/2012,,,,TRUE,FALSE,"Third Sunday of Easter [1] White; SPB Second Sunday after Easter
(Ordination of the Bishop of Glasgow, 2010)

Eucharist
Acts 3:12-19
Psalm 4
1 John 3:1-7
Luke 24:36b-48

Daily Prayer: New Life, The Lord
Deuteronomy 7:7-13
Revelation 2:1-11
Luke 16:19-31

Alternative Psalms
Morning: 48
Evening: 142",Normal,Normal,3
"George, Patron of England, Martyr, c.303 [6] Red (Ordination of the Bishop of Glasgow, 2010)",23/04/2012,,,,TRUE,FALSE,,Normal,Normal,3
Tuesday after Third Sunday of Easter,24/04/2012,,,,TRUE,FALSE,,Normal,Normal,3
"Mark, Evangelist [4] Red",25/04/2012,,,,TRUE,FALSE,"Mark, Evangelist [4] Red

DAILY EUCHARIST
Isaiah 52:7-10
Psalm 2:7-13 or Psalm 119:9-16
Ephesians 4:7-16
Mark 1:1-15 or Mark 13:5-13

MORNING PRAYER: Festivals
Sirach 2:1-11
Acts 12:25 - 13:3

EVENING PRAYER: Festivals
Isaiah 62:6-12
2 Timothy 4:1-11",Normal,Normal,3
"Albert Ernest Laurie, Priest, 1937 [6] White",26/04/2012,,,,TRUE,FALSE,,Normal,Normal,3
Friday after Third Sunday of Easter,27/04/2012,,,,TRUE,FALSE,,Normal,Normal,3
Saturday after Third Sunday of Easter,28/04/2012,,,,TRUE,FALSE,,Normal,Normal,3
Fourth Sunday of Easter [1] White; SPB Third Sunday after Easter,29/04/2012,,,,TRUE,FALSE,"Fourth Sunday of Easter [1] White; SPB Third Sunday after Easter

Eucharist
Acts 4:5-12
Psalm 23
1 John 3:16-24
John 10:11-18

Daily Prayer: New Life, The Lord
Exodus 16:4-15
Revelation 2:12-17
John 6:30-40

Alternative Psalms
Morning: 29:1-10
Evening: 81:6-16",Normal,Normal,3
"Catherine of Siena, Mystic and Teacher of the Faith, 1380 [6] White (translated from 29 April)",30/04/2012,,,,TRUE,FALSE,,Normal,Normal,3
"Philip and James, Apostles [4] Red",01/05/2012,,,,TRUE,FALSE,"Philip and James, Apostles [4] Red

DAILY EUCHARIST
Isaiah 30:18-21
Psalm 15 or Psalm 119:1-8
2 Corinthians 4:1-6 or Ephesians 1:3-10
John 14:(1-5), 6-14

MORNING PRAYER: Festivals
Job 23:1-12
John 1:43-51

EVENING PRAYER: Festivals
Proverbs 4:7-18
John 12:20-26",Normal,Normal,3
"Athenasius, Bishop and Teacher of the Faith, 373 [6] White",02/05/2012,,,,TRUE,FALSE,,Normal,Normal,3
Thursday after Fourth Sunday of Easter,03/05/2012,,,,TRUE,FALSE,,Normal,Normal,3
Friday after Fourth Sunday of Easter,04/05/2012,,,,TRUE,FALSE,,Normal,Normal,3
Saturday after Fourth Sunday of Easter,05/05/2012,,,,TRUE,FALSE,,Normal,Normal,3
Fifth Sunday of Easter [1] White; SPB Fourth Sunday after Easter,06/05/2012,,,,TRUE,FALSE,"Fifth Sunday of Easter [1] White; SPB Fourth Sunday after Easter

Eucharist
Acts 8:26-40
Psalm 22:25-31
1 John 4:7-21
John 15:1-8

Daily Prayer: New Life, The Lord
Isaiah 60:1-14
Revelation 3:1-13
Mark 16:9-16

Alternative Psalms
Morning: 147:1-11
Evening: 96",Normal,Normal,3
Monday after Fifth Sunday of Easter,07/05/2012,,,,TRUE,FALSE,,Normal,Normal,3
"Julian of Norwich, c.1413 [6] White",08/05/2012,,,,TRUE,FALSE,,Normal,Normal,3
Wednesday after Fifth Sunday of Easter,09/05/2012,,,,TRUE,FALSE,,Normal,Normal,3
Thursday after Fifth Sunday of Easter,10/05/2012,,,,TRUE,FALSE,,Normal,Normal,3
Friday after Fifth Sunday of Easter,11/05/2012,,,,TRUE,FALSE,,Normal,Normal,3
"Thomas Rattray, Bishop, 1743 [6] White",12/05/2012,,,,TRUE,FALSE,,Normal,Normal,3
Sixth Sunday of Easter [1] White; SPB Fifth Sunday after Easter,13/05/2012,,,,TRUE,FALSE,"Sixth Sunday of Easter [1] White; SPB Fifth Sunday after Easter

Eucharist
Acts 10:44-48
Psalm 98
1 John 5:1-6
John 15:9-17

Daily Prayer: New Life, The Lord
Song of Songs 4:16 - 5:2; 8:6-7
Revelation 3:14-22
Luke 22:24-30

Alternative Psalms
Morning: 87 or 36:5-10
Evening: 45",Normal,Normal,3
"Matthias, Apostle [4] Red",14/05/2012,,,,TRUE,FALSE,"Matthias, Apostle [4] Red

DAILY EUCHARIST
Isaiah 22:15-25
Psalm 15
Acts 1:15-26 or Philippians 3:13b-22
John 15:(6-8), 9-17

MORNING PRAYER: Festivals
1 Samuel 16:1-13
1 John 2:18-25

EVENING PRAYER: Festivals
1 Samuel 12:1-5
Acts 20:17-35",Normal,Normal,3
Tuesday after Sixth Sunday of Easter,15/05/2012,,,,TRUE,FALSE,,Normal,Normal,3
Wednesday after Sixth Sunday of Easter,16/05/2012,,,,TRUE,FALSE,,Normal,Normal,3
ASCENSION DAY [1] White,17/05/2012,,,,TRUE,FALSE,"ASCENSION DAY [1] White

Eucharuist (A,B,C)
Acts 1:1-11
Psalm 47 or 93
Ephesians 1:15-23
Luke 24:44-53

Daily Prayer: Festivals
Daniel 7:9-14
Hebrews 2:5-18
Matthew 28:16-20",Normal,Normal,3
Friday after Sixth Sunday of Easter,18/05/2012,,,,TRUE,FALSE,DP New Life: the Spirit (until the evening of the Day of Pentecost),Normal,Normal,3
Saturday after Sixth Sunday of Easter,19/05/2012,,,,TRUE,FALSE,,Normal,Normal,3
Seventh Sunday of Easter [1] White; SPB Sunday after Ascension Day,20/05/2012,,,,TRUE,FALSE,"Seventh Sunday of Easter [1] White; SPB Sunday after Ascension Day

Eucharist
Acts 1:15-17, 21-26
Psalm 1
1 John 5:9-13
John 17:6-19

Daily Prayer: New Life, the Spirit
Isaiah 61:1-11
Ephesians 4:7-16
Luke 4:14-21

Alternative Psalms
Morning: 47
Evening: 147:1-11",Normal,Normal,3
"Helena, c.330 [6] White",21/05/2012,,,,TRUE,FALSE,,Normal,Normal,3
Tuesday after Seventh Sunday of Easter,22/05/2012,,,,TRUE,FALSE,,Normal,Normal,3
"William of Perth (or Rochester), 1201 [6] White",23/05/2012,,,,TRUE,FALSE,,Normal,Normal,3
Thursday after Seventh Sunday of Easter,24/05/2012,,,,TRUE,FALSE,,Normal,Normal,3
"Bede the Venerable, of Jarrow, Teacher of the Faith, 735 [6] White",25/05/2012,,,,TRUE,FALSE,,Normal,Normal,3
"Augustine of Canterbury, Bishop, c.604 [6] White",26/05/2012,,,,TRUE,FALSE,,Normal,Normal,3
THE DAY OF PENTECOST (Whitsunday) [1] Red,27/05/2012,,,,TRUE,FALSE,"THE DAY OF PENTECOST (Whitsunday) [1] Red

Eucharist
Acts 2:1-21 or Ezekiel 37:1-14
Psalm 104:24-34, 35b
Romans 8:22-27 or Acts 2:1-21
John 15:26-27; 16:4b-15

Daily Prayer: New Life, the Spirit
Ezekiel 36:22-28
Acts 2:22-38
John 20:19-23

Alternative Psalms
Morning: 67
Evening: 139:1-12",Normal,Normal,3
Monday after the Day of Pentecost (Whitsunday),28/05/2012,,,,TRUE,FALSE,,Normal,Normal,3
Tuesday after the Day of Pentecost (Whitsunday),29/05/2012,,,,TRUE,FALSE,,Normal,Normal,3
Wednesday after the Day of Pentecost (Whitsunday),30/05/2012,,,,TRUE,FALSE,,Normal,Normal,3
The Visit of Mary to Elizabeth [5] White,31/05/2012,,,,TRUE,FALSE,,Normal,Normal,3
"Justin of Rome, Martyr, c.165 [6] Red",01/06/2012,,,,TRUE,FALSE,,Normal,Normal,3
Saturday after the Day of Pentecost (Whitsunday) / Eve of Trinity Sunday,02/06/2012,,,,TRUE,FALSE,,Normal,Normal,3
Trinity Sunday [2] White; Pentecost 1,03/06/2012,,,,TRUE,FALSE,"Trinity Sunday [2] White; Pentecost 1

Eucharist
Isaiah 6:1-8
Psalm 29
Romans 8:12-17
John 3:1-17

Daily Prayer: Festivals
Ezekiel 1:4-10, 22-28a
Revelation 4:1-11
Mark 1:1-13

Alternative Psalms
Morning: 67
Evening: 139:1-12",Normal,Normal,3
"John XXIII, Bishop of Rome, Reformer, 1963 [6] White",04/06/2012,,,,TRUE,FALSE,,Normal,Normal,3
"Boniface of Mainz, Bishop, Missionary and Martyr, 754 [6] Red",05/06/2012,,,,TRUE,FALSE,,Normal,Normal,3
"Charles Lwanga and his companions, 1886; Janani Luwum, Bishop, 1977, Martyrs of Uganda [6] Red (translated from 03 June)",06/06/2012,,,,TRUE,FALSE,,Normal,Normal,3
Corpus Christi (Thanksgiving for Holy Communion) [5] White,07/06/2012,,,,TRUE,FALSE,"Corpus Christi (Thanksgiving for Holy Communion) [5] White

DAILY EUCHARIST
Exodus 16:9-15
Psalm 116:12-19
1 Corinthians 10:16-17 or 1 Corinthians 11:23-26
John 6:(51-52), 53-58

DAILY PRAYER: Festivals
On the weekdays which follow Trinity Sunday, including Corpus Christi, the readings at Daily Prayer are taken from the numbered 
Proper (between 7 and 12) which corresponds most closely to the date of Trinity Sunday.
Ecclesiasticus 5:1-7
Galatians 3:1-14
Matthew 14:13-21",Normal,Normal,3
"Ephrem the Syrian, Deacon and Teacher of the Faith, 373 [6] White (Ordination of the Bishop of Argyll, 2004)",08/06/2012,,,,TRUE,FALSE,,Normal,Normal,3
"Columba of Iona, Abbot, 597 [4] White",09/06/2012,,,,TRUE,FALSE,"Columba of Iona, Abbot, 597 [4] White

DAILY EUCHARIST
Isaiah 61:1-3
Psalm 34:1-8 or Psalm 9:22
1 Thessalonians 2:2-12 or Ephesians 4:14-19
Matthew 5:13-16 or Matthew 28:16-20 or Luke 12:32-37

MORNING PRAYER: Festivals
Genesis 12:1-9
Hebrews 11:8-16

EVENING PRAYERS: Festivals
Isaiah 52:7-12
Acts 20:25-35",Normal,Normal,3
Pentecost 2 [3] Green; SPB Trinity 1,10/06/2012,,,,TRUE,FALSE,"Pentecost 2 [3] Green; SPB Trinity 1 | Week of Proper 10
Week of Proper 10

Eucharist: Continuous
1 Samuel 8:4-20; (11:14-15)
Psalm 138
2 Corinthians 4:13 - 5:1
Mark 3:20-35

Eucharist: Thematic
Genesis 3:8-15
Psalm 130
2 Corinthians 4:13 - 5:1
Mark 3:20-35

Daily Prayer: Week C
Jeremiah 6:16-21
Acts 22:22 - 23:11
Luke 7:11-17",Normal,Normal,3
"Barnabus, Apostle [4] Red",11/06/2012,,,,TRUE,FALSE,"Barnabus, Apostle [4] Red

DAILY EUCHARIST
Isaiah 45:5-12 or Job 29:11-16
Psalm 112
Acts 11:19-30; (13:1-30)
Matthew 10:7-16 or John 15:12-17

MORNING PRAYER: Festivals
Sirach 31:3-11
Acts 4:32-37

EVENING PRAYER: Festivals
Job 29:11-16
Acts 9:26-31",Normal,Normal,3
"John Skinner, Priest, 1807, and John Skinner, Bishop, 1816 [6] White",12/06/2012,,,,TRUE,FALSE,,Normal,Normal,3
Wednesday after Pentecost 2,13/06/2012,,,,TRUE,FALSE,,Normal,Normal,3
"Basil of Caesarea, 379; Gregory of Nazianzus, c.390; Gregory of Nyssa, 394, Bishops and Teachers of the Faith [6] White",14/06/2012,,,,TRUE,FALSE,,Normal,Normal,3
Friday after Pentecost 2,15/06/2012,,,,TRUE,FALSE,,Normal,Normal,3
Saturday after Pentecost 2,16/06/2012,,,,TRUE,FALSE,,Normal,Normal,3
Pentecost 3 [3] Green; SPB Trinity 2,17/06/2012,,,,TRUE,FALSE,"Pentecost 3 [3] Green; SPB Trinity 2 | Week of Proper 11

Eucharist: Continuous
1 Samuel 15:34 - 16:13
Psalm 20
2 Corinthians 5:6-10, (11-13), 14-17
Mark 4:26-34

Eucharist: Thematic
Ezekiel 17:22-24
Psalm 92:1-4, 12-15
2 Corinthians 5:6-10, (11-13), 14-17
Mark 4:26-34

Daily Prayer: Week D
Jeremiah 7:1-16
Acts 23:12-35
Luke 7:36 - 8:3

Alternative Psalms
Morning: 42
Evening: 39",Normal,Normal,3
"Bernard Mizeki, Martyr, 1896 [6] Red",18/06/2012,,,,TRUE,FALSE,,Normal,Normal,3
Tuesday after Pentecost 3,19/06/2012,,,,TRUE,FALSE,,Normal,Normal,3
"Fillan, Abbot, c.750 [6] Red",20/06/2012,,,,TRUE,FALSE,,Normal,Normal,3
Thursday after Pentecost 3,21/06/2012,,,,TRUE,FALSE,,Normal,Normal,3
"Alban, Martyr [6] Red",22/06/2012,,,,TRUE,FALSE,,Normal,Normal,3
Saturday after Pentecost 3,23/06/2012,,,,TRUE,FALSE,,Normal,Normal,3
Pentecost 4 [3] Green; SPB Trinity 3,24/06/2012,,,,TRUE,FALSE,"Pentecost 4 [3] Green; SPB Trinity 3 | Week of Proper 12

Eucharist: Continuous
1 Samuel 17:57 - 18:5, 10-16
Psalm 133
2 Corinthians 6:1-13
Mark 4:35-41

Eucharist: Thematic
Job 38:1-11
Psalm 107:1-3, 23-32
2 Corinthians 6:1-13
Mark 4:35-41

Daily Prayer: Week A
Jeremiah 10:1-16
Acts 27:1-12
Luke 8:26-39

Alternative Psalms
Morning: 46
Evening: 49",Normal,Normal,3
The Birth of John the Baptist [4] White (translated from 24 June),25/06/2012,,,,TRUE,FALSE,"The Birth of John the Baptist [4] White

DAILY EUCHARIST
Isaiah 40:1-11
Psalm 85:7-13
Acts 13:14b-26 or Galatians 3:23-29
Luke 1:56-66, (67-79), 80

MORNING PRAYER: Festivals
Malachi 3:1-5
John 3:22-30

EVENING PRAYER: Festivals
Malachi 4:1-6
Matthew 11:2-19",Normal,Normal,3
"Robert Leighton, Bishop, 1684 [6] White",26/06/2012,,,,TRUE,FALSE,,Normal,Normal,3
"Alexander Jolly, Bishop, 1838 [6] White",27/06/2012,,,,TRUE,FALSE,,Normal,Normal,3
"Irenaeus of Lyons, Bishop and Teacher of the Faith, 202 [6] White",28/06/2012,,,,TRUE,FALSE,,Normal,Normal,3
"Peter, Apostle or Peter and Paul, Apostles [4] Red",29/06/2012,,,,TRUE,FALSE,"Peter, Apostle or Peter and Paul, Apostles [4] Red

EUCHARIST for Peter, Apostle [4] Red
Ezekiel 3:4-11 or Ezekiel 3:22-27
Psalm 125
1 Peter 2:19-25
Matthew 16:13-19

MORNING PRAYER: Festivals
Ezekiel 2:1-7
Acts 9:32-43

EVENING PRAYER: Festivals
Ezekiel 34:11-16
John 21:15-22

EUCHARIST for Peter and Paul, Apostles [4] Red
Ezekiel 34:11-16 or Zechariah 4:1-6a, 10-14
Psalm 125
2 Timothy 4:(1-5), 6-8, 17-18
John 21:15-19 or Matthew 16:13-19

MORNING PRAYER: Festivals
Ezekiel 2:1-7
Acts 11:1-18

EVENING PRAYER: Festivals
Isaiah 49:1-6
Galatians 2:1-9",Normal,Normal,3
"Moluag of Lismore, Bishop, c.592 [6] White (translated from 25 June)",30/06/2012,,,,TRUE,FALSE,,Normal,Normal,3
Pentecost 5 [3] Green; SPB Trinity 4,01/07/2012,,,,TRUE,FALSE,"Pentecost 5 [3] Green; SPB Trinity 4 | Week of Proper 13

Eucharist: Continuous
2 Samuel 1:1, 17-27
Psalm 130
2 Corinthians 8:7-15
Mark 5:21-43

Eucharist: Thematic
Wisdom 1:13-15; 2:23-24
Psalm 30 or Canticle: Lamentations 3:22-33
2 Corinthians 8:7-15
Mark 5:21-43

Daily Prayer: Week B
John 11:1-14
Acts 27:33-44
Luke 9:51-63

Alternative Psalms
Morning: 50
Evening: 53",Normal,Normal,3
"Serf, Bishop, c.550 [6] White (translated from 01 July)",02/07/2012,,,,TRUE,FALSE,,Normal,Normal,3
"Thomas, Apostle [4] Red (if not kept on 21 December)",03/07/2012,,,,TRUE,FALSE,"Thomas, Apostle [4] Red (if not kept on 21 December)

DAILY EUCHARIST
Habakkuk 2:1-4
Psalm 31:1-6
Hebrews 10:35 - 11:1 or Ephesians 2:19-22
John 20:24-29

MORNING PRAYER: Festivals
Job 42:1-6
1 Peter 1:3-9

EVENING PRAYER: Festivals
Isaiah 43:8-13
John 14:1-7",Normal,Normal,3
Wednesday after Pentecost 5,04/07/2012,,,,TRUE,FALSE,,Normal,Normal,3
Thursday after Pentecost 5,05/07/2012,,,,TRUE,FALSE,,Normal,Normal,3
"Palladius, Bishop, c.450 [6] White",06/07/2012,,,,TRUE,FALSE,,Normal,Normal,3
Saturday after Pentecost 5,07/07/2012,,,,TRUE,FALSE,,Normal,Normal,3
Pentecost 6 [3] Green; SPB Trinity 5,08/07/2012,,,,TRUE,FALSE,"Pentecost 6 [3] Green; SPB Trinity 5 | Week of Proper 14

Eucharist: Continuous
2 Samuel 5:1-5, 9-10
Psalm 48
2 Corinthians 12:2-10
Mark 6:1-13

Eucharist: Thematic
Ezekiel 2:1-5
Psalm 123
2 Corinthians 12:2-10
Mark 6:1-13

Daily Prayer: Week C
Jeremiah 20:1-11a
Acts 28:1-16
Luke 10:1-11, 16-20

Alternative Psalms
Morning: 56
Evening: 64",Normal,Normal,3
Monday after Pentecost 6,09/07/2012,,,,TRUE,FALSE,,Normal,Normal,3
Tuesday after Pentecost 6,10/07/2012,,,,TRUE,FALSE,,Normal,Normal,3
"Benedict of Nursia, Abbot, c.550 [6] White",11/07/2012,,,,TRUE,FALSE,,Normal,Normal,3
"Drostan of Deer, Abbot, c.600 [6] White",12/07/2012,,,,TRUE,FALSE,,Normal,Normal,3
Friday after Pentecost 6,13/07/2012,,,,TRUE,FALSE,,Normal,Normal,3
Saturday after Pentecost 6,14/07/2012,,,,TRUE,FALSE,,Normal,Normal,3
Pentecost 7 [3] Green; SPB Trinity 6,15/07/2012,,,,TRUE,FALSE,"Pentecost 7 [3] Green; SPB Trinity 6 | Week of Proper 15

Eucharist: Continuous
2 Samuel 6:1-5, 12b-19
Psalm 24
Ephesians 1:3-14
Mark 6:14-29

Eucharist: Thematic
Amos 7:7-15
Psalm 85:8-13
Ephesians 1:3-14
Mark 6:14-29

Daily Prayer: Week D
Job 4:1; 5:6-27 or Sirach 4:11-31
Acts 28:17-30
Luke 10:25-37

Alternative Psalms
Morning: 60
Evening: 66",Normal,Normal,3
Monday after Pentecost 7,16/07/2012,,,,TRUE,FALSE,,Normal,Normal,3
Tuesday after Pentecost 7,17/07/2012,,,,TRUE,FALSE,,Normal,Normal,3
Wednesday after Pentecost 7,18/07/2012,,,,TRUE,FALSE,,Normal,Normal,3
Thursday after Pentecost 7,19/07/2012,,,,TRUE,FALSE,,Normal,Normal,3
Friday after Pentecost 7,20/07/2012,,,,TRUE,FALSE,,Normal,Normal,3
"William Wilberforce, 1833 [6] White",21/07/2012,,,,TRUE,FALSE,,Normal,Normal,3
Pentecost 8 [3] Green; SPB Trinity 7,22/07/2012,,,,TRUE,FALSE,"Pentecost 8 [3] Green; SPB Trinity 7 | Week of Proper 16

Eucharist: Continuous
2 Samuel 7:1-14a
Psalm 89:20-37
Ephesians 2:11-22
Mark 6:30-34, 53-56

Eucharist: Thematic
Jeremiah 23:1-6
Psalm 23
Ephesians 2:11-22
Mark 6:30-34, 53-56

Daily Prayer: Week A
Job 13:13 - 14:6 or Sirach 18:1-14
Hebrews 2:5-18
Luke 10:38-42

Alternative Psalms
Morning: 67
Evening: 73",Normal,Normal,3
Mary Magdalene [4] White (translated from 22 July),23/07/2012,,,,TRUE,FALSE,"Mary Magdalene [4] White

DAILY EUCHARIST
Judith 9:1, 11-14 or Song of Solomon 3:1-4
Psalm 42:1-7
2 Corinthians 5:14-17
John 20:1-2, 11-18

MORNING PRAYER: Festivals
Zephaniah 3:14-20
Mark 15:27 - 16:7

EVENING PRAYER: Festivals
Exodus 15:19-21
2 Corinthians 1:3-7",Normal,Normal,3
Tuesday after Pentecost 8,24/07/2012,,,,TRUE,FALSE,,Normal,Normal,3
"James, Apostle [4] Red",25/07/2012,,,,TRUE,FALSE,"James, Apostle [4] Red

DAILY EUCHARIST
Jeremiah 45:1-5
Psalm 7:1-10 or Psalm 126
Acts 11:27 - 12:2, (3)
Matthew 20:20-28

MORNING PRAYER: Festivals
Jeremiah 16:14-21
Mark 1:14-20

EVENING PRAYER: Festivals
Jeremiah 26:1-15
Matthew 10:16-32",Normal,Normal,3
"Anne and Joachim, Parents of Mary, Mother of the Lord [6] White",26/07/2012,,,,TRUE,FALSE,,Normal,Normal,3
Friday after Pentecost 8,27/07/2012,,,,TRUE,FALSE,,Normal,Normal,3
Saturday after Pentecost 8,28/07/2012,,,,TRUE,FALSE,,Normal,Normal,3
Pentecost 9 [3] Green; SPB Trinity 8,29/07/2012,,,,TRUE,FALSE,"Pentecost 9 [3] Green; SPB Trinity 8 | Week of Proper 17

Eucharist: Continuous
2 Samuel 11:1-15
Psalm 14
Ephesians 3:14-21
John 6:1-21

Eucharist: Thematic
2 Kings 4:42-44
Psalm 145:10-18
Ephesians 3:14-21
John 6:1-21

Daily Prayer: Week B
Job 19:1-27a or Sirach 38:24-34
Hebrews 8:1-13
Luke 11:1-13

Alternative Psalms
Morning: 75
Evening: 74",Normal,Normal,3
"Silas, Companion of Saint Paul [6] White",30/07/2012,,,,TRUE,FALSE,,Normal,Normal,3
"Ignatius Loyola, Priest and Religious, 1556 [6] White",31/07/2012,,,,TRUE,FALSE,,Normal,Normal,3
Martha and Mary of Bethany [6] White (translated from 29 July),01/08/2012,,,,TRUE,FALSE,,Normal,Normal,3
Thursday after Pentecost 9,02/08/2012,,,,TRUE,FALSE,,Normal,Normal,3
Friday after Pentecost 9,03/08/2012,,,,TRUE,FALSE,,Normal,Normal,3
Saturday after Pentecost 9,04/08/2012,,,,TRUE,FALSE,,Normal,Normal,3
Pentecost 10 [3] Green; SPB Trinity 9,05/08/2012,,,,TRUE,FALSE,"Pentecost 10 [3] Green; SPB Trinity 9 | Week of Proper 18

Eucharist: Continuous
2 Samuel 11:26 - 12:13a
Psalm 51:1-12
Ephesians 4:1-16
John 6:24-35

Eucharist: Thematic
Exodus 16:2-4, 9-15
Psalm 78:23-29
Ephesians 4:1-16
John 6:24-35

Daily Prayer: Week C
Job 28:(1-11), 12-28 or Sirach 42:15-25

Alternative Psalms
Morning: 80
Evening: 88

Evening Prayer for eve of THE TRANSFIGURATION OF THE LORD (6 Aug) [2]: Festivals
1 Kings 19:1-12
2 Corinthians 4:1-6""
",Normal,Normal,3
THE TRANSFIGURATION OF THE LORD [2] White,06/08/2012,,,,TRUE,FALSE,"THE TRANSFIGURATION OF THE LORD [2] White

Eucharist
Daniel 7:9-10, 13-14
Psalm 97 or 99
2 Peter 1:16-19
Luke 9:28-36

Morning Prayer: Festivals
Exodus 24:12-18
2 Corinthians 4:1-6

Evening Prayer: Festivals
Daniel 7:9-10, 13-14 or Exodus 3:1-15
John 12:27-36a",Normal,Normal,3
"Boisil, Prior of Melrose, c.642 [6] White",07/08/2012,,,,TRUE,FALSE,,Normal,Normal,3
"Dominic, Priest and Friar, 1221 [6] White",08/08/2012,,,,TRUE,FALSE,,Normal,Normal,3
"John Mason Neale, Priest, 1886 [6] White",09/08/2012,,,,TRUE,FALSE,,Normal,Normal,3
"Lawrence, Deacon and Martyr, 258 [6] Red",10/08/2012,,,,TRUE,FALSE,,Normal,Normal,3
"Clare of Assisi, Religious, 1253 [6] White",11/08/2012,,,,TRUE,FALSE,,Normal,Normal,3
Pentecost 11 [3] Green; SPB Trinity 10,12/08/2012,,,,TRUE,FALSE,"Pentecost 11 [3] Green; SPB Trinity 10 | Week of Proper 19

Eucharist: Continuous
2 Samuel 18:5-9, 15, 31-33
Psalm 130
Ephesians 4:25 - 5:2
John 6:35, 41-51

Eucharist: Thematic
1 Kings 19:4-8
Psalm 34:1-8
Ephesians 4:25 - 5:2
John 6:35, 41-51

Daily Prayer: Week D
Job 39:1 - 40:4 or Sirach 43:13-33

Alternative Psalms
Morning: 86
Evening: 91",Normal,Normal,3
"Jeremy Taylor, Bishop, 1667 [6] White",13/08/2012,,,,TRUE,FALSE,,Normal,Normal,3
"Maximilien Kolbe, Priest and Martyr, 1941 [6] Red",14/08/2012,,,,TRUE,FALSE,,Normal,Normal,3
Mary the Virgin [4] White,15/08/2012,,,,TRUE,FALSE,"Mary the Virgin [4] White

DAILY EUCHARIST
Isaiah 7:10-15 or Revelation 11:19 - 12:6, 10
Psalm 132:6-10, 13-14 or Psalm 45:10-17
Galatians 4:4-7
Luke 1:46-55 or Luke 2:1-7

MORNING PRAYER: Festivals
1 Samuel 2:1-10
John 2:1-12

EVENING PRAYER: Festivals
Jeremiah 31:1-14 or Zechariah 2:10-13
John 19:23-27 or Acts 1:6-14",Normal,Normal,3
"Blane, Missionary, c.590 [6] White (translated from 12 August)",16/08/2012,,,,TRUE,FALSE,,Normal,Normal,3
Friday after Pentecost 11,17/08/2012,,,,TRUE,FALSE,,Normal,Normal,3
Saturday after Pentecost 11,18/08/2012,,,,TRUE,FALSE,,Normal,Normal,3
Pentecost 12 [3] Green; SPB Trinity 11,19/08/2012,,,,TRUE,FALSE,"Pentecost 12 [3] Green; SPB Trinity 11 | Week of Proper 20

Eucharist: Continuous
1 Kings 2:10-12, 3:3-14
Psalm 111
Ephesians 5:15-20
John 6:51-58

Eucharist: Thematic
Proverbs 9:1-6
Psalm 34:9-14
Ephesians 5:15-20
John 6:51-58

Daily Prayer: Week A
Exodus 2:23 - 3:10
Hebrews 13:1-15
Luke 12:49-56

Alternative Psalms
Morning: 90
Evening: 92",Normal,Normal,3
"Bernard of Clairvaux, Aboot & Teacher of the Faith, 1153 [6] White",20/08/2012,,,,TRUE,FALSE,,Normal,Normal,3
Tuesday after Pentecost 12,21/08/2012,,,,TRUE,FALSE,,Normal,Normal,3
Wednesday after Pentecost 12,22/08/2012,,,,TRUE,FALSE,,Normal,Normal,3
Thursday after Pentecost 12,23/08/2012,,,,TRUE,FALSE,,Normal,Normal,3
"Bartholomew, Apostle [4] Red",24/08/2012,,,,TRUE,FALSE,"Bartholomew, Apostle [4] Red

DAILY EUCHARIST
Deuteronomy 18:15-18 or Isaiah 43:8-13
Psalm 91 or Psalm 145:1-7
1 Corinthians 4:9-15
Luke 22:24-30

MORNING PRAYER: Festivals
Genesis 28:10-17
John 1:43-51

EVENING PRAYER: Festivals
Isaiah 66:1-2, 18-23
1 Peter 5:1-11",Normal,Normal,3
"Ebba of Coldingham, Abbess, 683 [6] White",25/08/2012,,,,TRUE,FALSE,,Normal,Normal,3
Pentecost 13 [3] Green; SPB Trinity 12,26/08/2012,,,,TRUE,FALSE,"Pentecost 13 [3] Green; SPB Trinity 12 | Week of Proper 21

Eucharist: Continuous
1 Kings 8:(1, 6, 10-11), 22-30, 41-43
Psalm 84
Ephesians 6:10-20
John 6:56-69

Eucharist: Thematic
Joshua 24:1-2a, 14-18
Psalm 34:15-22
Ephesians 6:10-20
John 6:56-69

Daily Prayer: Week B
Exodus 4:27 - 5:1
Hebrews 13:16-21
Luke 13:10-17

Alternative Psalms
Morning: 95
Evening: 116",Normal,Normal,3
"Monnica, Mother of Augustine of Hippo, 387 [6] White",27/08/2012,,,,TRUE,FALSE,,Normal,Normal,3
"Augustine of Hippo, Bishop & Teacher of the Faith, 430 [6] White",28/08/2012,,,,TRUE,FALSE,,Normal,Normal,3
The Beheading of John the Baptist [4] Red,29/08/2012,,,,TRUE,FALSE,"The Beheading of John the Baptist [4] Red

Eucharist
2 Chronicles 24:17-21
Psalm 71:1-6, 15-17
Hebrews 11:32-40
Mark 6:17-29

Morning Prayer: Festivals
Jeremiah 38:1-6
Revelation 7:13-17

Evening Prayer: Festivals
Judges 16:28-30
1 Peter 3:13-18",Normal,Normal,3
Thursday after Pentecost 13,30/08/2012,,,,TRUE,FALSE,,Normal,Normal,3
"Aidan of Lindisfarne, Bishop, 651 [6] White",31/08/2012,,,,TRUE,FALSE,,Normal,Normal,3
Saturday after Pentecost 13,01/09/2012,,,,TRUE,FALSE,,Normal,Normal,3
Pentecost 14 [3] Green; SPB Trinity 13,02/09/2012,,,,TRUE,FALSE,"Pentecost 14 [3] Green; SPB Trinity 13 | Week of Proper 22

Eucharist: Continuous
Song of Songs 2:8-13
Psalm 45:1-2, 6-9
James 1:17-27
Mark 7:1-8, 14-15, 21-23

Eucharist: Thematic
Deuteronomy 4:1-2, 6-9
Psalm 15
James 1:17-27
Mark 7:1-8, 14-15, 21-23

Daily Prayer: Week C
Exodus 12:21-27
Revelation 3:14-22
Matthew 4:23 - 5:20

Alternative Psalms
Morning: 105:1-15
Evening: 119:(1-8), 9-16",Normal,Normal,3
"Gregory the Great, Bishop and Teacher of the Faith [6] White",03/09/2012,,,,TRUE,FALSE,,Normal,Normal,3
"The Martyrs of New Guinea, 1942 [6] Red (translated from 02 September)",04/09/2012,,,,TRUE,FALSE,,Normal,Normal,3
Wednesday after Pentecost 14,05/09/2012,,,,TRUE,FALSE,,Normal,Normal,3
Thursday after Pentecost 14,06/09/2012,,,,TRUE,FALSE,,Normal,Normal,3
Friday after Pentecost 14,07/09/2012,,,,TRUE,FALSE,,Normal,Normal,3
"The Birth of Mary, Mother of the Lord [5] White",08/09/2012,,,,TRUE,FALSE,,Normal,Normal,3
Pentecost 15 [3] Green; SPB Trinity 14,09/09/2012,,,,TRUE,FALSE,"Pentecost 15 [3] Green; SPB Trinity 14 | Week of Proper 23

Eucharist: Continuous
Proverbs 22:1-2, 8-9, 22-23
Psalm 125
James 2:1-10, (11-13), 14-17
Mark 7:24-37

Eucharist: Thematic
Isaiah 35:4-7a
Psalm 146
James 2:1-10, (11-13), 14-17
Mark 7:24-37

Daily Prayer: Week D
Exodus 14:5-31
Revelation 8:1-5
Matthew 6:1-18

Alternative Psalms
Morning: 108
Evening: 119:(41-48), 49-56",Normal,Normal,3
Monday after Pentecost 15,10/09/2012,,,,TRUE,FALSE,,Normal,Normal,3
Tuesday after Pentecost 15,11/09/2012,,,,TRUE,FALSE,,Normal,Normal,3
Wednesday after Pentecost 15,12/09/2012,,,,TRUE,FALSE,,Normal,Normal,3
"Cyprian of Carthage, Bishop and Martyr, 258 [6] Red",13/09/2012,,,,TRUE,FALSE,,Normal,Normal,3
Holy Cross Day [5] White or Red,14/09/2012,,,,TRUE,FALSE,"Holy Cross Day [5] White or Red

DAILY EUCHARIST
Numbers 21:4-9
Psalm 98:1-5 or Psalm 22:23-28
1 Corinthians 1:18-24 or Philippians 2:6-11
John 3:13-17

MORNING PRAYER: Festivals
Numbers 21:4-9or Zechariah 12:8 - 13:1
John 3:11-17 or Galatians 6:11-18

EVENING PRAYER: Festivals
Genesis 3:1-15
1 Peter 3:17-22",Normal,Normal,3
Saturday after Pentecost 15,15/09/2012,,,,TRUE,FALSE,,Normal,Normal,3
Pentecost 16 [3] Green; SPB Trinity 15,16/09/2012,,,,TRUE,FALSE,"Pentecost 16 [3] Green; SPB Trinity 15 | Week of Proper 24

Eucharist: Continuous
Proverbs 1:20-33
Psalm 19 or Wisdom of Solomon 7:26 - 8:1
James 3:1-12
Mark 8:27-38

Eucharist: Thematic
Isaiah 50:4-9a
Psalm 116:1-9
James 3:1-12
Mark 8:27-38

Daily Prayer: Week A
Exodus 18:13-26
Revelation 12:1-12
Matthew 7:1-14

Alternative Psalms
Morning: 119:41-48, (49-64)
Evening: 119:(73-80), 81-88",Normal,Normal,3
"Ninian of Whithorn, Bishop, c.430 [4] White (translated from 16 September)",17/09/2012,,,,TRUE,FALSE,"Ninian of Whithorn, Bishop, c.430 [4] White

DAILY EUCHARIST
Jeremiah 1:4-9
Psalm 67
1 Thessalonians 2:2-12 or 2 Corinthians 5:17 - 6:2
Matthew 9:35-38 or Matthew 28:16-20

MORNING PRAYER: Festivals
Ezekiel 34:20-31
1 Thessalonians 5:12-24

EVENING PRAYER: Festivals
Isaiah 52:7-12
John 15:12-17",Normal,Normal,3
"Hildegard of Bingen, Abbess, 1179 [6] White (translated from 17 September)",18/09/2012,,,,TRUE,FALSE,,Normal,Normal,3
Wednesday after Pentecost 16,19/09/2012,,,,TRUE,FALSE,,Normal,Normal,3
"John Coleridge Patteson, Bishop and Martyr, 1871 [6] Red",20/09/2012,,,,TRUE,FALSE,,Normal,Normal,3
"Matthew, Apostle and Evangelist [4] Red (Ordination of the Bishop of Aberdeen, 2007)",21/09/2012,,,,TRUE,FALSE,"Matthew, Apostle and Evangelist [4] Red

DAILY EUCHARIST
Proverbs 6:1-6, (13-18)
Psalm 119:33-40
2 Timothy 3:14-17 or 2 Corinthians 4:1-6
Matthew 9:9-13

MORNING PRAYER: Festivals
Isaiah 8:11-20
Romans 10:1-15

EVENING PRAYER: Festivals
Job 28:12-28
Matthew 13:44-52",Normal,Normal,3
"Saturday after Pentecost 16 (Ordination of the Bishop of Aberdeen, 2007)",22/09/2012,,,,TRUE,FALSE,,Normal,Normal,3
Pentecost 17 [3] Green; SPB Trinity 16,23/09/2012,,,,TRUE,FALSE,"Pentecost 17 [3] Green; SPB Trinity 16 | Week of Proper 25

Eucharist: Continuous
Proverbs 31:10-31
Psalm 1
James 3:13 - 4:3, 7-8a
Mark 9:30-37

Eucharist: Thematic
Wisdom 1:16 - 2:1, 12-22 or Jeremiah 11:18-20
Psalm 54
James 3:13 - 4:3, 7-8a
Mark 9:30-37

Daily Prayer: Week B
Exodus 19:10-25
Revelation 14:1-5
Matthew 8:23-34

Alternative Psalms
Morning: 119:(113-120), 121-128
Evening: 119:(137-144), 145-152",Normal,Normal,3
"Adamnan of Iona, Abbot, 704 [6] White (translated from 23 September)",24/09/2012,,,,TRUE,FALSE,,Normal,Normal,3
"Finnbar of Caithness, Bishop, c.610 [6] White",25/09/2012,,,,TRUE,FALSE,,Normal,Normal,3
Wednesday after Pentecost 17,26/09/2012,,,,TRUE,FALSE,,Normal,Normal,3
"Vincent de Paul, Priest, 1660 [6] White",27/09/2012,,,,TRUE,FALSE,,Normal,Normal,3
Friday after Pentecost 17,28/09/2012,,,,TRUE,FALSE,,Normal,Normal,3
Michael and All Angels [4] White,29/09/2012,,,,TRUE,FALSE,"Michael and All Angels [4] White

DAILY EUCHARIST
Genesis 28:10-17
Psalm 103:19-22
Revelation 12:7-12
John 1:47-51

MORNING PRAYER: Festivals
Job 38:1-7
Hebrews 1:1-14

EVENING PRAYER: Festivals
Daniel 12:1-3 or 2 Kings 6:8-17
Mark 13:21-27 or Revelation 5:1-14",Normal,Normal,3
Pentecost 18 [3] Green; SPB Trinity 17,30/09/2012,,,,TRUE,FALSE,"Pentecost 18 [3] Green; SPB Trinity 17 | Week of Proper 26

Eucharist: Continuous
Esther 7:1-6, 9-10; 9:20-22
Psalm 124
James 5:13-20
Mark 9:38-50

Eucharist: Thematic
Numbers 11:4-6, 10-16, 24-29
Psalm 19:7-14
James 5:13-20
Mark 9:38-50

Daily Prayer: Week C
Exodus 24:1-18
Revelation 18:1-8
Matthew 9:1-8

Alternative Psalms
Morning: 123
Evening: 120, 121",Normal,Normal,3
"Gregory the Enlightener, Bishop, c.332 [6] White",01/10/2012,,,,TRUE,FALSE,,Normal,Normal,3
"Jerome, Priest and Teacher of the Faith, 420 [6] White (translated from 30 September)",02/10/2012,,,,TRUE,FALSE,,Normal,Normal,3
Wednesday after Pentecost 18,03/10/2012,,,,TRUE,FALSE,,Normal,Normal,3
"Francis of Assisi, Deacon and Friar, 1226 [6] White",04/10/2012,,,,TRUE,FALSE,,Normal,Normal,3
Friday after Pentecost 18,05/10/2012,,,,TRUE,FALSE,,Normal,Normal,3
Saturday after Pentecost 18,06/10/2012,,,,TRUE,FALSE,,Normal,Normal,3
Pentecost 19 [3] Green; SPB Trinity 18,07/10/2012,,,,TRUE,FALSE,"Pentecost 19 [3] Green; SPB Trinity 18 | Week of Proper 27

Eucharist: Continuous
Job 1:1; 2:1-10
Psalm 26
Hebrews 1:1-4; 2:5-12
Mark 10:2-16

Eucharist: Thematic
Genesis 2:18-24
Psalm 8
Hebrews 1:1-4; 2:5-12
Mark 10:2-16

Daily Prayer: Week D
Joshua 3:7-17
1 Corinthians 2:6-16
Matthew 10:1-22

Alternative Psalms
Morning: 136
Evening: 125, 126",Normal,Normal,3
"Alexander Penrose Forbes, Bishop, 1875 [6] White (Ordination of the Bishop of Brechin, 2011)",08/10/2012,,,,TRUE,FALSE,,Normal,Normal,3
Tuesday after Pentecost 19,09/10/2012,,,,TRUE,FALSE,,Normal,Normal,3
Wednesday after Pentecost 19,10/10/2012,,,,TRUE,FALSE,,Normal,Normal,3
"Kenneth, Abbot, 600 [6] White",11/10/2012,,,,TRUE,FALSE,,Normal,Normal,3
"Elizabeth Fry, 1845 [6] White (Ordination of the Bishop of Moray, 2007)",12/10/2012,,,,TRUE,FALSE,,Normal,Normal,3
"Saturday after Pentecost 19 (Ordination of the Bishop of Moray, 2007)",13/10/2012,,,,TRUE,FALSE,,Normal,Normal,3
Pentecost 20 [3] Green; SPB Trinity 19,14/10/2012,,,,TRUE,FALSE,"Pentecost 20 [3] Green; SPB Trinity 19 | Week of Proper 28

Eucharist: Continuous
Job 23:1-9, 16-17
Psalm 22:1-15
Hebrews 4:12-16
Mark 10:17-31

Eucharist: Thematic
Amos 5:6-7, 10-15
Psalm 90:12-17
Hebrews 4:12-16
Mark 10:17-31

Daily Prayer: Week A
Joshua 5:13 - 6:20
1 Corinthians 4:9-16
Matthew 11:20-30

Alternative Psalms
Morning: 139:1-11, (12-18)
Evening: 127, 128",Normal,Normal,3
"Teresa of Avila, Teacher of the Faith, 1582 [6] White",15/10/2012,,,,TRUE,FALSE,,Normal,Normal,3
Tuesday after Pentecost 20,16/10/2012,,,,TRUE,FALSE,,Normal,Normal,3
"Ignatius of Antioch, Bishop and Martyr, c.115 [6] Red",17/10/2012,,,,TRUE,FALSE,,Normal,Normal,3
"Luke, Evangelist [4] Red",18/10/2012,,,,TRUE,FALSE,"Luke, Evangelist [4] Red

DAILY EUCHARIST
Sirach 38:1-4, 6-10, 12-14
Psalm 147:1-7
2 Timothy 4:5-13, (14-17)
Luke 4:14-21 or Luke 10:1-9

MORNING PRAYER: Festivals
Ezekiel 47:1-12
Luke 1:1-4

EVENING PRAYER: Festivals
Isaiah 52:7-10
Acts 1:1-8",Normal,Normal,3
"Henry Martyn, Priest and Missionary, 1812 [6] White",19/10/2012,,,,TRUE,FALSE,,Normal,Normal,3
Saturday after Pentecost 20,20/10/2012,,,,TRUE,FALSE,,Normal,Normal,3
Pentecost 21 [3] Green; SPB Trinity 20,21/10/2012,,,,TRUE,FALSE,"Pentecost 21 [3] Green; SPB Trinity 20 | Week of Proper 29

Eucharist: Continuous
Job 38:1-7, (34-41)
Psalm 104:1-9, 24, 35c
Hebrews 5:1-10
Mark 10:35-45

Eucharist: Thematic
Isaiah 53:4-12
Psalm 91:9-16
Hebrews 5:1-10
Mark 10:35-45

Daily Prayer: Week B
Joshua 14:6-14
1 Corinthians 10:1-13
Matthew 12:1-21

Alternative Psalms
Morning: 142
Evening: 141",Normal,Normal,3
Monday after Pentecost 21,22/10/2012,,,,TRUE,FALSE,,Normal,Normal,3
"James of Jerusalem, Martyr, c.62 [6] Red",23/10/2012,,,,TRUE,FALSE,,Normal,Normal,3
Wednesday after Pentecost 21,24/10/2012,,,,TRUE,FALSE,,Normal,Normal,3
Thursday after Pentecost 21,25/10/2012,,,,TRUE,FALSE,,Normal,Normal,3
Friday after Pentecost 21,26/10/2012,,,,TRUE,FALSE,,Normal,Normal,3
Saturday after Pentecost 21,27/10/2012,,,,TRUE,FALSE,,Normal,Normal,3
Pentecost 22 [3] Green; SPB Trinity 21,28/10/2012,,,,TRUE,FALSE,"Pentecost 22 [3] Green; SPB Trinity 21 | Week of Proper 30

Eucharist: Continuous
Job 42:1-6, 10-17
Psalm 34:1-8, (19-22)
Hebrews 7:23-28
Mark 10:46-52

Eucharist: Thematic
Jeremiah 31:7-9
Psalm 126
Hebrews 7:23-28
Mark 10:46-52

Daily Prayer: Week C
Ecclesiastes 12:1-14
1 Corinthians 10:15-24
Luke 18:9-14

Alternative Psalms
Morning: 119:89-96, (97-104)
Evening: 119:121-128, (129-136)",Normal,Normal,3
"Simon and Jude, Apostles [4] Red (translated from 28 October)",29/10/2012,,,,TRUE,FALSE,"Simon and Jude, Apostles [4] Red

DAILY EUCHARIST
Deuteronomy 32:1-4 or Isaiah 28:14-16
Psalm 119:89-96
Ephesians 2:13-22
John 15:17-27

MORNING PRAYER: Festivals
Isaiah 28:9-16 or Jeremiah 3:12-18
Ephesians 4:1-16

EVENING PRAYER: Festivals
Isaiah 4:2-6
John 14:15-31",Normal,Normal,3
"James Hannington, Bishop and Companions, Martyrs, 1885 [6] Red (translated from 29 October)",30/10/2012,,,,TRUE,FALSE,,Normal,Normal,3
Wednesday after Pentecost 22,31/10/2012,,,,TRUE,FALSE,,Normal,Normal,3
ALL SAINTS [2] White,01/11/2012,,,,TRUE,FALSE,"ALL SAINTS DAY [2]
Wisdom of Solomon 3:1-9 or Isaiah 25:6-9
Psalm 24:1-6
Revelation 21:1-6a
John 11:32-44

Morning Prayer: Festivals
2 Esdra 2:42-47
Hebrews 11:32 - 12:2

Evening Prayer: Festivals
Wisdom of Solomon 5:1-5, 14-16
Revelation 21:1-4, 22 - 22:5",Normal,Normal,3
All Souls [5] Violet or White,02/11/2012,,,,TRUE,FALSE,"All Souls [5] Violet or White

DAILY EUCHARIST
Wisdom of Solomon 3:1-9 or Lamentations 3:17-26, 31-33
Psalm 116:1-8 or Psalm 23
1 Peter 1:3-9 or Romans 5:5-11
John 6:37-40 or John 11:21-27

MORNING PRAYER: Festivals
Isaiah 25:6-9
1 Peter 1:3-9 or John 6:37-40

EVENING PRAYER: Festivals
Job 19:21-27
John 20:1-9",Normal,Normal,3
"Richard Hooker, Priest and Teacher of the Faith, 1660 [6] White",03/11/2012,,,,TRUE,FALSE,,Normal,Normal,3
Pentecost 23 [3] Green; SPB Trinity 22,04/11/2012,,,,TRUE,FALSE,"Pentecost 23 [3] Green; SPB Trinity 22 | Week of Proper 31

Eucharist: Continuous
Ruth 1:1-18
Psalm 146
Hebrews 9:11-14
Mark 12:28-34

Eucharist: Thematic
Deuteronomy 6:1-9
Psalm 119:1-8
Hebrews 9:11-14
Mark 12:28-34

Daily Prayer: Week D
Daniel 2:1-11, 25-48
Ephesians 1:11-23
Matthew 5:1-12

Alternative Psalms
Morning: 111, (117)
Evening: 145:1-9",Normal,Normal,3
Monday after Pentecost 23,05/11/2012,,,,TRUE,FALSE,,Normal,Normal,3
Tuesday after Pentecost 23,06/11/2012,,,,TRUE,FALSE,,Normal,Normal,3
"Willibrord, Bishop and Missionary, 739 [6] White",07/11/2012,,,,TRUE,FALSE,,Normal,Normal,3
Thursday after Pentecost 23,08/11/2012,,,,TRUE,FALSE,,Normal,Normal,3
"George Hay Forbes, Priest, 1875 [6] White",09/11/2012,,,,TRUE,FALSE,,Normal,Normal,3
"Leo the Great, Bishop and Teacher of the Faith, 461 [6] White",10/11/2012,,,,TRUE,FALSE,,Normal,Normal,3
Pentecost 24 [3] Green; SPB Trinity 23,11/11/2012,,,,TRUE,FALSE,"Pentecost 24 [3] Green; SPB Trinity 23 | Week of Proper 32

Eucharist: Continuous
Ruth 3:1-5; 4:13-17
Psalm 127
Hebrews 9:24-28
Mark 12:38-44

Eucharist: Thematic
1 Kings 17:8-16
Psalm 146
Hebrews 9:24-28
Mark 12:38-44

Daily Prayer: Week A
Isaiah 10:33 - 11:9
1 Timothy 2:1-7
John 14:23-29

Alternative Psalms
Morning: 82
Evening: 46",Normal,Normal,3
"Machar, Bishop, c.600 [6] White",12/11/2012,,,,TRUE,FALSE,,Normal,Normal,3
"Martin of Tours, Bishop, c.397 [6] White (translated from 11 November)",13/11/2012,,,,TRUE,FALSE,,Normal,Normal,3
"Wednesday after Pentecost 24 (Ordination of Samuel Seabury, Bishop, 1784)",14/11/2012,,,,TRUE,FALSE,,Normal,Normal,3
Thursday after Pentecost 24,15/11/2012,,,,TRUE,FALSE,,Normal,Normal,3
"Margaret of Scotland, 1093 [4] White",16/11/2012,,,,TRUE,FALSE,"Margaret of Scotland, 1093 [4] White

DAILY EUCHARIST
Proverbs 31:10-13, (14-24), 25-31
Psalm 112
2 Timothy 1:1-7
Matthew 13:44-46 or Luke 11:33-36

MORNING PRAYER: Festivals
Isaiah 35:1-10
Matthew 13:44-46 or Luke 11:33-36

EVENING PRAYER: Festivals
Wisdom of Solomon 6:1-21
Revelation 7:9-17",Normal,Normal,3
"Hilda of Whitby, 680 and Hugh of Lincoln, Bishop, 1200 [6] White",17/11/2012,,,,TRUE,FALSE,,Normal,Normal,3
Pentecost 25 [3] Green; SPB Trinity 24,18/11/2012,,,,TRUE,FALSE,"Pentecost 25 [3] Green; SPB Trinity 24 | Week of Proper 33

Eucharist: Continuous
1 Samuel 1:4-20
Psalm 16 or Canticle: 1 Samuel 2:1-10
Hebrews 10:11-14, (15-18), 19-25
Mark 13:1-8

Eucharist: Thematic
Daniel 12:1-3
Psalm 16
Hebrews 10:11-14, (15-18), 19-25
Mark 13:1-8

Daily Prayer: Week B
Daniel 3:13-30
Revelation 4:1-11
Matthew 13:24-30, 36-43

Alternative Psalms
Morning: 89:19-29
Evening: 95 or 97",Normal,Normal,3
"Fergus, Bishop, c.750 [6] White (translated from 18 November)",19/11/2012,,,,TRUE,FALSE,,Normal,Normal,3
Tuesday after Pentecost 25,20/11/2012,,,,TRUE,FALSE,,Normal,Normal,3
"Columban, Bishop, 615 [6] White",21/11/2012,,,,TRUE,FALSE,,Normal,Normal,3
"Cecilia, Martyr, c.230 [6] White",22/11/2012,,,,TRUE,FALSE,,Normal,Normal,3
"Clement of Rome, Bishop and Martyr, c.100 [6] Red",23/11/2012,,,,TRUE,FALSE,,Normal,Normal,3
"Lucy Menzies, 1954 [6] White",24/11/2012,,,,TRUE,FALSE,,Normal,Normal,3
The Last Sunday after Pentecost (Christ the King) [3] White or Red (The Sunday before Advent),25/11/2012,,,,TRUE,FALSE,"The Last Sunday after Pentecost (Christ the King) [3] White or Red (The Sunday before Advent) | Week of Proper 34

Eucharist: Continuous
2 Samuel 23:1-7
Psalm 132:1-12, (13-18)
Revelation 1:4b-8
John 18:33-37

Eucharist: Thematic
Daniel 7:9-10, 13-14
Psalm 93
Revelation 1:4b-8
John 18:33-37

Daily Prayer: Week C
2 Samuel 23:1-7 or 1 Maccabees 2:15-29
Revelation 3:7-22
Matthew 28:16-20

Alternative Psalms
Morning: 29
Evening: 110",Normal,Normal,3
Monday after the Last Sunday after Pentecost,26/11/2012,,,,TRUE,FALSE,,Normal,Normal,3
Tuesday after the Last Sunday after Pentecost,27/11/2012,,,,TRUE,FALSE,,Normal,Normal,3
Wednesday after the Last Sunday after Pentecost,28/11/2012,,,,TRUE,FALSE,,Normal,Normal,3
Thursday after the Last Sunday after Pentecost,29/11/2012,,,,TRUE,FALSE,,Normal,Normal,3
"Andrew, Apostle, Patron of Scotland [4] Red",30/11/2012,,,,TRUE,FALSE,"Andrew, Apostle, Patron of Scotland [4] Red

DAILY EUCHARIST
Deuteronomy 30:11-14 or Isaiah 52:7-10
Psalm 19:1-6
Romans 10:(8b-11), 12-18
Matthew 4:18-22

MORNING PRAYER: Festivals
Isaiah 49:1-6
1 Corinthians 4:1-16

EVENING PRAYER: Festivals
Isaiah 55:1-5
John 1:35-42",Normal,Normal,3
"Charles de Foucauld, Priest and Hermit, 1916 [6] White",01/12/2012,,,,TRUE,FALSE,,Normal,Normal,3
