"Subject","Start Date","Start Time","End Date","End Time","All day event","Reminder on/off","Reminder Date","Reminder Time","Meeting Organizer","Required Attendees","Optional Attendees","Meeting Resources","Billing Information","Categories","Description","Location","Mileage","Priority","Private","Sensitivity","Show time as"
"First Sunday of Advent [1] Violet","2/12/2007","00:00:00","3/12/2007","00:00:00","True","False","1/12/2007","23:45:00",,,,,,,"Eucharist
Is 2.1-5
Ps 122
Ro 13.11-14
Mt 24.36-44

Daily Prayer
Is 1.1-20
1 Th 5.1-11
Jn 3.1-17
","",,"Normal",,"Normal","3"
"Francis Xavier, Priest and Missionary, 1552 [6] White","3/12/2007","00:00:00","4/12/2007","00:00:00","True","False","2/12/2007","23:45:00",,,,,,,"","",,"Normal",,"Normal","3"
"Clement of Alexandria, Teacher of the Faith, c.210 [6] White","4/12/2007","00:00:00","5/12/2007","00:00:00","True","False","3/12/2007","23:45:00",,,,,,,"","",,"Normal",,"Normal","3"
"Wednesday of Advent 1","5/12/2007","00:00:00","6/12/2007","00:00:00","True","False","4/12/2007","23:45:00",,,,,,,"","",,"Normal",,"Normal","3"
"Nicholas of Myra, Bishop, 4th century [6] White","6/12/2007","00:00:00","7/12/2007","00:00:00","True","False","5/12/2007","23:45:00",,,,,,,"","",,"Normal",,"Normal","3"
"Ambrose of Milan, Bishop and Teacher of the Faith, c.210 [6] White","7/12/2007","00:00:00","8/12/2007","00:00:00","True","False","6/12/2007","23:45:00",,,,,,,"","",,"Normal",,"Normal","3"
"Conception of Mary, Mother of the Lord [5] White","8/12/2007","00:00:00","9/12/2007","00:00:00","True","False","7/12/2007","23:45:00",,,,,,,"","",,"Normal",,"Normal","3"
"Second Sunday of Advent [1] Violet","9/12/2007","00:00:00","10/12/2007","00:00:00","True","False","8/12/2007","23:45:00",,,,,,,"Eucharist
Is 11.1-10
Ps 72.1-7,18-19
Ro 15.4-13
Mt 3.1-12

Daily Prayer
1 Kg 22.1-28
Ro 13.11-14
Jn 1.19-28
","",,"Normal",,"Normal","3"
"Monday of Advent 2","10/12/2007","00:00:00","11/12/2007","00:00:00","True","False","9/12/2007","23:45:00",,,,,,,"","",,"Normal",,"Normal","3"
"Tuesday of Advent 2","11/12/2007","00:00:00","12/12/2007","00:00:00","True","False","10/12/2007","23:45:00",,,,,,,"","",,"Normal",,"Normal","3"
"Wednesday of Advent 2(Ordination of the Bishop of Glasgow and Galloway, 1998)","12/12/2007","00:00:00","13/12/2007","00:00:00","True","False","11/12/2007","23:45:00",,,,,,,"","",,"Normal",,"Normal","3"
"Thursday of Advent 2","13/12/2007","00:00:00","14/12/2007","00:00:00","True","False","12/12/2007","23:45:00",,,,,,,"","",,"Normal",,"Normal","3"
"John of the Cross, Priest, Teacher of the Faith, 1591 [6] White","14/12/2007","00:00:00","15/12/2007","00:00:00","True","False","13/12/2007","23:45:00",,,,,,,"","",,"Normal",,"Normal","3"
"Saturday of Advent 2","15/12/2007","00:00:00","16/12/2007","00:00:00","True","False","14/12/2007","23:45:00",,,,,,,"","",,"Normal",,"Normal","3"
"Third Sunday of Advent [1] Violet","16/12/2007","00:00:00","17/12/2007","00:00:00","True","False","15/12/2007","23:45:00",,,,,,,"Eucharist
Is 35.1-10
Ps 146.4-9
or Canticle:Lk 1.46b-55
Jas 5.7-10
Mt 11.2-11

Daily Prayer
Is 5.8-30
Acts 13.13-41
Jn 5.31-40
","",,"Normal",,"Normal","3"
"Monday of Advent 3","17/12/2007","00:00:00","18/12/2007","00:00:00","True","False","16/12/2007","23:45:00",,,,,,,"","",,"Normal",,"Normal","3"
"Tuesday of Advent 3","18/12/2007","00:00:00","19/12/2007","00:00:00","True","False","17/12/2007","23:45:00",,,,,,,"","",,"Normal",,"Normal","3"
"Wednesday of Advent 3","19/12/2007","00:00:00","20/12/2007","00:00:00","True","False","18/12/2007","23:45:00",,,,,,,"","",,"Normal",,"Normal","3"
"Thursday of Advent 3","20/12/2007","00:00:00","21/12/2007","00:00:00","True","False","19/12/2007","23:45:00",,,,,,,"","",,"Normal",,"Normal","3"
"Thomas, Apostle [4] Red (if not kept on 3 July)","21/12/2007","00:00:00","22/12/2007","00:00:00","True","False","20/12/2007","23:45:00",,,,,,,"","",,"Normal",,"Normal","3"
"Saturday of Advent 3","22/12/2007","00:00:00","23/12/2007","00:00:00","True","False","21/12/2007","23:45:00",,,,,,,"","",,"Normal",,"Normal","3"
"Fourth Sunday of Advent [1] Violet","23/12/2007","00:00:00","24/12/2007","00:00:00","True","False","22/12/2007","23:45:00",,,,,,,"Eucharist
Is 7.10-16
Ps 80.1-7,16-18
Ro 1.1-7
Mt 1.18-25

Daily Prayer
Bar 4.21-29
Gal 3.15-22
Lk 1.67-80 or Mt 1.1-17
","",,"Normal",,"Normal","3"
"Christmas Eve [2]","24/12/2007","00:00:00","25/12/2007","00:00:00","True","False","23/12/2007","23:45:00",,,,,,,"Daily Eucharist
2 Sa 7.1-16
Ps 89.1-4,19-29
Lk 1.67-79

Morning Prayer
Bar 4.36-5.9
Gal 3.23-4.7
Mt 1.18-25

Evening Prayer
Is 59.15b-21
Phil 2.5-11

CHRISTMAS DAY [1]
Any of these propers may
be used at midnight or
during the day.  Those
listed under C should be
used at least once during
the Christmas season.

A
Is 9.2-7
Ps 96
Tit 2.11-14
Lk 2.1-14 (15-20)

B
Is 62.6-12
Ps 97
Tit 3.4-7
Lk 2.(1-7) 8-20

C
Is 52.7-10
Ps 98
Heb 1.1-4(5-12)
Jn 1.1-14
","",,"Normal",,"Normal","3"
"CHRISTMAS DAY [1] White","25/12/2007","00:00:00","26/12/2007","00:00:00","True","False","24/12/2007","23:45:00",,,,,,,"CHRISTMAS DAY [1]
Any of these propers may be used at midnight or during the day.  Those listed under C should be used at least once during the Christmas season.

A
Is 9.2-7
Ps 96
Tit 2.11-14
Lk 2.1-14 (15-20)

B
Is 62.6-12
Ps 97
Tit 3.4-7
Lk 2.(1-7) 8-20

C
Is 52.7-10
Ps 98
Heb 1.1-4(5-12)
Jn 1.1-14

Daily Prayer
Mic 4.1-5;5.2-4
1 Jn 4.7-16
Jn 3.31-36
","",,"Normal",,"Normal","3"
"Stephen, Deacon and Martyr [4] Red","26/12/2007","00:00:00","27/12/2007","00:00:00","True","False","25/12/2007","23:45:00",,,,,,,"","",,"Normal",,"Normal","3"
"John, Apostle and Evangelist [4] White","27/12/2007","00:00:00","28/12/2007","00:00:00","True","False","26/12/2007","23:45:00",,,,,,,"","",,"Normal",,"Normal","3"
"The Holy Innocents [4] White","28/12/2007","00:00:00","29/12/2007","00:00:00","True","False","27/12/2007","23:45:00",,,,,,,"","",,"Normal",,"Normal","3"
"Thomas of Canterbury, Bishop and Martyr, 1170 [6] Red","29/12/2007","00:00:00","30/12/2007","00:00:00","True","False","28/12/2007","23:45:00",,,,,,,"","",,"Normal",,"Normal","3"
"First Sunday after Christmas [2] White","30/12/2007","00:00:00","31/12/2007","00:00:00","True","False","29/12/2007","23:45:00",,,,,,,"Eucharist
Is 63.7-9
Ps 148
Heb 2.10-18
Mt 2.13-23

Daily Prayer
Is 35.1-10
Gal 3.27-4.7
Lk2.15-21
","",,"Normal",,"Normal","3"
"John Wycliffe, Priest, 1384 [6] White","31/12/2007","00:00:00","1/1/2008","00:00:00","True","False","30/12/2007","23:45:00",,,,,,,"","",,"Normal",,"Normal","3"
"THE NAMING OF JESUS [2] White","1/1/2008","00:00:00","2/1/2008","00:00:00","True","False","31/12/2007","23:45:00",,,,,,,"Eucharist
Nu 6.22-27
Ps 8
Gal 4.4-7 or Phil 2.5-11
Lk 2.15-21

Daily Prayer
Is 62.1-5,10-12
Rev 19.11-16
Mt 1.18-25
","",,"Normal",,"Normal","3"
"Seraphim of Sarov, 1833 [6] White","2/1/2008","00:00:00","3/1/2008","00:00:00","True","False","1/1/2008","23:45:00",,,,,,,"","",,"Normal",,"Normal","3"
"Thursday of Christmas 1","3/1/2008","00:00:00","4/1/2008","00:00:00","True","False","2/1/2008","23:45:00",,,,,,,"","",,"Normal",,"Normal","3"
"Friday of Christmas 1","4/1/2008","00:00:00","5/1/2008","00:00:00","True","False","3/1/2008","23:45:00",,,,,,,"","",,"Normal",,"Normal","3"
"Saturday of Christmas 1","5/1/2008","00:00:00","6/1/2008","00:00:00","True","False","4/1/2008","23:45:00",,,,,,,"","",,"Normal",,"Normal","3"
"THE EPIPHANY [1] White","6/1/2008","00:00:00","7/1/2008","00:00:00","True","False","5/1/2008","23:45:00",,,,,,,"Eucharist
Is 60.1-6
Ps 72.1-7,10-14	
Eph 3.1-12
Mt 2.1-12

Daily Prayer
Is 49.1-7
Rev 21.22-27
Mt 12.14-21
","",,"Normal",,"Normal","3"
"Monday following the Epiphany","7/1/2008","00:00:00","8/1/2008","00:00:00","True","False","6/1/2008","23:45:00",,,,,,,"","",,"Normal",,"Normal","3"
"Tuesday following the Epiphany","8/1/2008","00:00:00","9/1/2008","00:00:00","True","False","7/1/2008","23:45:00",,,,,,,"","",,"Normal",,"Normal","3"
"Wednesday following the Epiphany","9/1/2008","00:00:00","10/1/2008","00:00:00","True","False","8/1/2008","23:45:00",,,,,,,"","",,"Normal",,"Normal","3"
"William Laud, Bishop, 1645 [6] Red","10/1/2008","00:00:00","11/1/2008","00:00:00","True","False","9/1/2008","23:45:00",,,,,,,"","",,"Normal",,"Normal","3"
"David, King of Scots, 1153 [6] Red","11/1/2008","00:00:00","12/1/2008","00:00:00","True","False","10/1/2008","23:45:00",,,,,,,"","",,"Normal",,"Normal","3"
"Saturday following the Epiphany","12/1/2008","00:00:00","13/1/2008","00:00:00","True","False","11/1/2008","23:45:00",,,,,,,"","",,"Normal",,"Normal","3"
"First Sunday after Epiphany: The Baptism of the Lord [2] White","13/1/2008","00:00:00","14/1/2008","00:00:00","True","False","12/1/2008","23:45:00",,,,,,,"Eucharist
Is 42.1-9
Ps 29
Acts 10.34-43
Mt 3.13-17

Daily Prayer
Is 42.1-9
Eph 2.1-10
Lk 3.15-22
","",,"Normal",,"Normal","3"
"Kentigern (or Mungo), Bishop c.603 [4] White (translated from 13 January)","14/1/2008","00:00:00","15/1/2008","00:00:00","True","False","13/1/2008","23:45:00",,,,,,,"","",,"Normal",,"Normal","3"
"Tuesday of Epiphany 1","15/1/2008","00:00:00","16/1/2008","00:00:00","True","False","14/1/2008","23:45:00",,,,,,,"","",,"Normal",,"Normal","3"
"Wednesday of Epiphany 1","16/1/2008","00:00:00","17/1/2008","00:00:00","True","False","15/1/2008","23:45:00",,,,,,,"","",,"Normal",,"Normal","3"
"Antony of Egypt, Abbot, 356 [6] White","17/1/2008","00:00:00","18/1/2008","00:00:00","True","False","16/1/2008","23:45:00",,,,,,,"","",,"Normal",,"Normal","3"
"The Confession of Peter [6] White","18/1/2008","00:00:00","19/1/2008","00:00:00","True","False","17/1/2008","23:45:00",,,,,,,"","",,"Normal",,"Normal","3"
"Saturday of Epiphany 1","19/1/2008","00:00:00","20/1/2008","00:00:00","True","False","18/1/2008","23:45:00",,,,,,,"","",,"Normal",,"Normal","3"
"Second Sunday after Epiphany  [3] Green (Third Sunday before Lent) / SPB Septuagesima [Violet]","20/1/2008","00:00:00","21/1/2008","00:00:00","True","False","19/1/2008","23:45:00",,,,,,,"Eucharist
Is 49.1-7
Ps 40.1-12
1 C 1.1-9
Jn 1.29-42

Daily Prayer
Is 60.9-22
Gal 1.11-24
Jn 1.43-51
","",,"Normal",,"Normal","3"
"Agnes, Martyr, c.304 [6] Red","21/1/2008","00:00:00","22/1/2008","00:00:00","True","False","20/1/2008","23:45:00",,,,,,,"","",,"Normal",,"Normal","3"
"Tuesday of Epiphany 2","22/1/2008","00:00:00","23/1/2008","00:00:00","True","False","21/1/2008","23:45:00",,,,,,,"","",,"Normal",,"Normal","3"
"Wednesday of Epiphany 2","23/1/2008","00:00:00","24/1/2008","00:00:00","True","False","22/1/2008","23:45:00",,,,,,,"","",,"Normal",,"Normal","3"
"Francis de Sales, Bishop, 1622 [6] White","24/1/2008","00:00:00","25/1/2008","00:00:00","True","False","23/1/2008","23:45:00",,,,,,,"","",,"Normal",,"Normal","3"
"The Conversion of Paul, Apostle [4] White","25/1/2008","00:00:00","26/1/2008","00:00:00","True","False","24/1/2008","23:45:00",,,,,,,"","",,"Normal",,"Normal","3"
"Timothy and Titus, Bishops [6] White","26/1/2008","00:00:00","27/1/2008","00:00:00","True","False","25/1/2008","23:45:00",,,,,,,"","",,"Normal",,"Normal","3"
"Third Sunday after Epiphany [3] Green (Second Sunday before Lent) / SPB Sexagesima [Violet]","27/1/2008","00:00:00","28/1/2008","00:00:00","True","False","26/1/2008","23:45:00",,,,,,,"Eucharist
Is 9.1-4
Ps 27.1,5-13
1 C 1.10-18
Mt 4.12-23

Daily Prayer
Jer 3.21-4.2
1 P 1.3-12
Lk 4.12-21
","",,"Normal",,"Normal","3"
"Thomas Aquinas, Teacher of the Faith, 1274 [6] White","28/1/2008","00:00:00","29/1/2008","00:00:00","True","False","27/1/2008","23:45:00",,,,,,,"","",,"Normal",,"Normal","3"
"John Chrysostom, Bishop and Teacher of the Faith, 407 [6] White (translated from 27 January)","29/1/2008","00:00:00","30/1/2008","00:00:00","True","False","28/1/2008","23:45:00",,,,,,,"","",,"Normal",,"Normal","3"
"Charles I, King, 1649 [6] Red","30/1/2008","00:00:00","31/1/2008","00:00:00","True","False","29/1/2008","23:45:00",,,,,,,"","",,"Normal",,"Normal","3"
"Charles Mackenzie of Central Africa, Bishop, Missionary, Martyr, 1862 [6] Red","31/1/2008","00:00:00","1/2/2008","00:00:00","True","False","30/1/2008","23:45:00",,,,,,,"","",,"Normal",,"Normal","3"
"Bride of Kildare, Abbess, c.525 [6] White","1/2/2008","00:00:00","2/2/2008","00:00:00","True","False","31/1/2008","23:45:00",,,,,,,"","",,"Normal",,"Normal","3"
"THE PRESENTATION OF THE LORD [2] White","2/2/2008","00:00:00","3/2/2008","00:00:00","True","False","1/2/2008","23:45:00",,,,,,,"","",,"Normal",,"Normal","3"
"Sunday before Lent [3] Green / SPB Quinquagesima [Violet]","3/2/2008","00:00:00","4/2/2008","00:00:00","True","False","2/2/2008","23:45:00",,,,,,,"WEEK OF THE BEGINNING OF LENT
Those who do not wish to use the Transfiguration readings given below should take the readings from the numbered Proper which corresponds most closely to the date of the Sunday before Ash Wednesday.

Eucharist
Ex 24.12-18
Ps 2 or Ps 99
2 P 1.16-21
Mt 17.1-9

Daily Prayer
Pr 27.1-6,10-12
Phil 2.1-13
Jn 18.15-18,25-27
","",,"Normal",,"Normal","3"
"Saints and Martyrs of Europe [6] Red (translated from 3 February)","4/2/2008","00:00:00","5/2/2008","00:00:00","True","False","3/2/2008","23:45:00",,,,,,,"","",,"Normal",,"Normal","3"
"Tuesday after Sunday before Lent","5/2/2008","00:00:00","6/2/2008","00:00:00","True","False","4/2/2008","23:45:00",,,,,,,"","",,"Normal",,"Normal","3"
"Ash Wednesday [1] Violet or Lenten Array","6/2/2008","00:00:00","7/2/2008","00:00:00","True","False","5/2/2008","23:45:00",,,,,,,"Eucharist
Jl 2.1-2,12-17 or Is 58.1-12
Ps 51.1-18
2 C 5.20b-6.10
Mt 6.1-6,16-21

Daily Prayer
Am 5.6-15
Heb 12.1-14
Lk 18.9-14
","",,"Normal",,"Normal","3"
"Paul Miki, Priest, and the Martyrs of Japan, 1597 [6] Red (translated from 6 February)","7/2/2008","00:00:00","8/2/2008","00:00:00","True","False","6/2/2008","23:45:00",,,,,,,"","",,"Normal",,"Normal","3"
"Friday after Sunday before Lent","8/2/2008","00:00:00","9/2/2008","00:00:00","True","False","7/2/2008","23:45:00",,,,,,,"","",,"Normal",,"Normal","3"
"Saturday after Sunday before Lent","9/2/2008","00:00:00","10/2/2008","00:00:00","True","False","8/2/2008","23:45:00",,,,,,,"","",,"Normal",,"Normal","3"
"First Sunday of Lent [1] Violet or Lenten Array","10/2/2008","00:00:00","11/2/2008","00:00:00","True","False","9/2/2008","23:45:00",,,,,,,"Eucharist
Gen 2.15-17;3.1-7
Ps 32
Ro 5.12-19
Mt 4.1-11

Daily Prayer
Gen 2.15-17;3.1-7
Ro 10.8b-13
Lk 13.31-35
","",,"Normal",,"Normal","3"
"Scholastica, Religious, 543 [6] White","11/2/2008","00:00:00","12/2/2008","00:00:00","True","False","10/2/2008","23:45:00",,,,,,,"","",,"Normal",,"Normal","3"
"Tuesday of Lent 1","12/2/2008","00:00:00","13/2/2008","00:00:00","True","False","11/2/2008","23:45:00",,,,,,,"","",,"Normal",,"Normal","3"
"Wednesday of Lent 1","13/2/2008","00:00:00","14/2/2008","00:00:00","True","False","12/2/2008","23:45:00",,,,,,,"","",,"Normal",,"Normal","3"
"Cyril, Monk, 869, and Methodius, Bishop, 885, 'Apostles of the Slavs' [6] White","14/2/2008","00:00:00","15/2/2008","00:00:00","True","False","13/2/2008","23:45:00",,,,,,,"","",,"Normal",,"Normal","3"
"Thomas Bray, Priest and Missionary, 1730 [6] White","15/2/2008","00:00:00","16/2/2008","00:00:00","True","False","14/2/2008","23:45:00",,,,,,,"","",,"Normal",,"Normal","3"
"Saturday of Lent 1","16/2/2008","00:00:00","17/2/2008","00:00:00","True","False","15/2/2008","23:45:00",,,,,,,"","",,"Normal",,"Normal","3"
"Second Sunday of Lent [1] Violet or Lenten Array","17/2/2008","00:00:00","18/2/2008","00:00:00","True","False","16/2/2008","23:45:00",,,,,,,"Eucharist
Gen 12.1-4a
Ps 121
Ro 4.1-5,13-17
Jn 3.1-17 or Mt 17.1-9

Daily Prayer
Gen 12.1-9
Heb 11.1-3,8-16
Mt 8.1-13
","",,"Normal",,"Normal","3"
"Colman of Lindisfarne, Bishop, 767 [6] White","18/2/2008","00:00:00","19/2/2008","00:00:00","True","False","17/2/2008","23:45:00",,,,,,,"","",,"Normal",,"Normal","3"
"Martin Luther, 1545 [6] White","19/2/2008","00:00:00","20/2/2008","00:00:00","True","False","18/2/2008","23:45:00",,,,,,,"","",,"Normal",,"Normal","3"
"Finan of Lindisfarne, Bishop, 661 [6] White (translated from 17 February)","20/2/2008","00:00:00","21/2/2008","00:00:00","True","False","19/2/2008","23:45:00",,,,,,,"","",,"Normal",,"Normal","3"
"Thursday of Lent 2","21/2/2008","00:00:00","22/2/2008","00:00:00","True","False","20/2/2008","23:45:00",,,,,,,"","",,"Normal",,"Normal","3"
"Friday of Lent 2","22/2/2008","00:00:00","23/2/2008","00:00:00","True","False","21/2/2008","23:45:00",,,,,,,"","",,"Normal",,"Normal","3"
"Polycarp of Smyrna, Bishop and Martyr, 156 [6] Red","23/2/2008","00:00:00","24/2/2008","00:00:00","True","False","22/2/2008","23:45:00",,,,,,,"","",,"Normal",,"Normal","3"
"Third Sunday of Lent [1] Violet or Lenten Array","24/2/2008","00:00:00","25/2/2008","00:00:00","True","False","23/2/2008","23:45:00",,,,,,,"Eucharist
Ex 17.1-7
Ps 95
Ro 5.1-11
Jn 4.5-42

Daily Prayer
Ex 5.1-6.1
Phil 3.4b-14
Mt 10.16-22
","",,"Normal",,"Normal","3"
"Monday of Lent 3","25/2/2008","00:00:00","26/2/2008","00:00:00","True","False","24/2/2008","23:45:00",,,,,,,"","",,"Normal",,"Normal","3"
"Tuesday of Lent 3","26/2/2008","00:00:00","27/2/2008","00:00:00","True","False","25/2/2008","23:45:00",,,,,,,"","",,"Normal",,"Normal","3"
"Wednesday of Lent 3","27/2/2008","00:00:00","28/2/2008","00:00:00","True","False","26/2/2008","23:45:00",,,,,,,"","",,"Normal",,"Normal","3"
"Thursday of Lent 3","28/2/2008","00:00:00","29/2/2008","00:00:00","True","False","27/2/2008","23:45:00",,,,,,,"","",,"Normal",,"Normal","3"
"Friday of Lent 3","29/2/2008","00:00:00","1/3/2008","00:00:00","True","False","28/2/2008","23:45:00",,,,,,,"","",,"Normal",,"Normal","3"
"David, Bishop, Patron of Wales, c.544 [6] White","1/3/2008","00:00:00","2/3/2008","00:00:00","True","False","29/2/2008","23:45:00",,,,,,,"","",,"Normal",,"Normal","3"
"Fourth Sunday of Lent [1] Violet or Lenten Array","2/3/2008","00:00:00","3/3/2008","00:00:00","True","False","1/3/2008","23:45:00",,,,,,,"Eucharist
1 Sa 16.1-13
Ps 23
Eph 5.8-14
Jn 9.1-41

Daily Prayer
Ex 6.2-13
Ro 5.1-11
Jn 12.1-8
","",,"Normal",,"Normal","3"
"John and Charles Wesley, Priests, 1791 and 1788 [6] White","3/3/2008","00:00:00","4/3/2008","00:00:00","True","False","2/3/2008","23:45:00",,,,,,,"","",,"Normal",,"Normal","3"
"Adrian of May Island, Abbot, and Companions, Martyrs, 875 [6] Red","4/3/2008","00:00:00","5/3/2008","00:00:00","True","False","3/3/2008","23:45:00",,,,,,,"","",,"Normal",,"Normal","3"
"Wednesday of Lent 4","5/3/2008","00:00:00","6/3/2008","00:00:00","True","False","4/3/2008","23:45:00",,,,,,,"","",,"Normal",,"Normal","3"
"Baldred, Bishop, 608 [6] White","6/3/2008","00:00:00","7/3/2008","00:00:00","True","False","5/3/2008","23:45:00",,,,,,,"","",,"Normal",,"Normal","3"
"Perpetua and her Companions, Martyrs, 203 [6] Red","7/3/2008","00:00:00","8/3/2008","00:00:00","True","False","6/3/2008","23:45:00",,,,,,,"","",,"Normal",,"Normal","3"
"Duthac, Bishop, 1068 [6] White","8/3/2008","00:00:00","9/3/2008","00:00:00","True","False","7/3/2008","23:45:00",,,,,,,"","",,"Normal",,"Normal","3"
"Fifth Sunday of Lent [1] Violet or Lenten Array","9/3/2008","00:00:00","10/3/2008","00:00:00","True","False","8/3/2008","23:45:00",,,,,,,"Eucharist
Ezek 37.1-14
Ps 130
Ro 8.6-11
Jn 11.1-45

Daily Prayer
Ex 7.8-24
Ro 5.12-21
Lk 22.1-13
","",,"Normal",,"Normal","3"
"Kessog, Bishop, c.700 [6] Red","10/3/2008","00:00:00","11/3/2008","00:00:00","True","False","9/3/2008","23:45:00",,,,,,,"","",,"Normal",,"Normal","3"
"Tuesday of Lent 5 (Ordination of the Bishop of St Andrews, Dunkeld and Dunblane, 2005)3","11/3/2008","00:00:00","12/3/2008","00:00:00","True","False","10/3/2008","23:45:00",,,,,,,"","",,"Normal",,"Normal","3"
"Wednesday of Lent 5","12/3/2008","00:00:00","13/3/2008","00:00:00","True","False","11/3/2008","23:45:00",,,,,,,"","",,"Normal",,"Normal","3"
"Thursday of Lent 5","13/3/2008","00:00:00","14/3/2008","00:00:00","True","False","12/3/2008","23:45:00",,,,,,,"","",,"Normal",,"Normal","3"
"Friday of Lent 5","14/3/2008","00:00:00","15/3/2008","00:00:00","True","False","13/3/2008","23:45:00",,,,,,,"","",,"Normal",,"Normal","3"
"Saturday of Lent 5","15/3/2008","00:00:00","16/3/2008","00:00:00","True","False","14/3/2008","23:45:00",,,,,,,"","",,"Normal",,"Normal","3"
"The Sunday of the Passion (Palm Sunday) [1] Red or Violet","16/3/2008","00:00:00","17/3/2008","00:00:00","True","False","15/3/2008","23:45:00",,,,,,,"Liturgy of the Palms
Mt 21.1-11
Ps 118.1-2,19-29

Liturgy of the Passion
Is 50.4-9a 
Ps 31.9-16
Phil 2.5-11
Mt 26.14-27.66
or Mt 27.11-54

Morning Prayer
Zech 9.9-12
1 T 6.12-16

Evening Prayer
Zech 12.9-11;13.1,7-9
Lk 19.41-48
","",,"Normal",,"Normal","3"
"Monday of Holy Week [1] Red or Violet","17/3/2008","00:00:00","18/3/2008","00:00:00","True","False","16/3/2008","23:45:00",,,,,,,"","",,"Normal",,"Normal","3"
"Tuesday of Holy Week [1] Red or Violet","18/3/2008","00:00:00","19/3/2008","00:00:00","True","False","17/3/2008","23:45:00",,,,,,,"","",,"Normal",,"Normal","3"
"Wednesday of Holy Week [1] Red or Violet","19/3/2008","00:00:00","20/3/2008","00:00:00","True","False","18/3/2008","23:45:00",,,,,,,"","",,"Normal",,"Normal","3"
"Maundy Thursday [1] White at the Eucharist","20/3/2008","00:00:00","21/3/2008","00:00:00","True","False","19/3/2008","23:45:00",,,,,,,"Eucharist
Ex 12.1-4(5-10)11-14
Ps 116.1,10-17
1 C 11.23-26
Jn 13.1-17,31b-35

Daily Prayer
Lam 2.10-18
1 C 10.14-17;11.27-32
Mk 14.12-25
","",,"Normal",,"Normal","3"
"Good Friday [1] Red for the Liturgy / Hangings removed","21/3/2008","00:00:00","22/3/2008","00:00:00","True","False","20/3/2008","23:45:00",,,,,,,"Eucharist
Is 52.13-53.12
Ps 22
Heb 10.16-25 or Heb 4.14-16;5.7-9
Jn 18.1-19.42

Daily Prayer
Lam 3.1-9, 19-33
1 P 1.10-20
M Jn 13. 36-38
E Jn 19.38-42
","",,"Normal",,"Normal","3"
"Holy Saturday (Easter Eve) [1] Hangings removed [White at the Easter Vigil]","22/3/2008","00:00:00","23/3/2008","00:00:00","True","False","21/3/2008","23:45:00",,,,,,,"At services other than the Easter Vigil:
Job 14.1-14 or Lam 3.1-9,19-24
Ps 31.1-4,15-16
1 P 4.1-8
Mt 27.57-66 or Jn 19.38-42

Daily Prayer
Lam 3.37-58
M Heb 4.1-16
E Rom 8.1-11

EASTER VIGIL [1]
A minumum of three Old Testament readings (with their psalm or canticle) should be chosen.  The reading from Ex 14 should
always be used.

Gen 1.1-2.4a
Gen 7.1-5,11-18;8.6-18;9.8-13
Gen 22.1-18
Ex 14.10-31;15.20-21
Is 55.1-11
Bar 3.9-15,32-4.4
or Prov 8.1-8,19-21;9.4b-6
Ezek 36.24-28
Ezek 37.1-14
Zeph 3.14-20
Ps 136.1-9,23-26
Ps 46
Ps 16
Canticle Ex 15.1b-13,17-18
Canticle Is 12.2-6
Ps 19
Pss 42,43
Ps 143
Ps 98

New Testament Reading Ro 6.3-11;  
Gradual Psalm 114;  
Gospel: A Mt 28.1-10
","",,"Normal",,"Normal","3"
"EASTER DAY [1] White","23/3/2008","00:00:00","24/3/2008","00:00:00","True","False","22/3/2008","23:45:00",,,,,,,"Eucharist
Acts 10.34-43 or Jer 31.1-6
Ps 118.1-2,14-24
Col 3.1-4 or Acts 10.34-43
Jn 20.1-18 or Mt 28.1-10

The following readings are for occasions when the main (eucharistic) Easter service must be late in the day.  They are not intended for Evening Prayer on Easter Day.

Is 25.6-9
Ps 114
1 C 5.6b-8
Lk 24.13-49

Daily Prayer
Ezek 37.1-14
1 C 15.1-11
Lk 24.13-35
","",,"Normal",,"Normal","3"
"Paul Couturier, Priest, 1953 [6] White","24/3/2008","00:00:00","25/3/2008","00:00:00","True","False","23/3/2008","23:45:00",,,,,,,"","",,"Normal",,"Normal","3"
"Tuesday of Easter Week","25/3/2008","00:00:00","26/3/2008","00:00:00","True","False","24/3/2008","23:45:00",,,,,,,"","",,"Normal",,"Normal","3"
"Wednesday of Easter Week","26/3/2008","00:00:00","27/3/2008","00:00:00","True","False","25/3/2008","23:45:00",,,,,,,"","",,"Normal",,"Normal","3"
"Thursday of Easter Week","27/3/2008","00:00:00","28/3/2008","00:00:00","True","False","26/3/2008","23:45:00",,,,,,,"","",,"Normal",,"Normal","3"
"Patrick Forbes, Bishop, 1636, and the Aberdeen Doctors, Teachers of the Faith [6] White","28/3/2008","00:00:00","29/3/2008","00:00:00","True","False","27/3/2008","23:45:00",,,,,,,"","",,"Normal",,"Normal","3"
"John Keeble, Priest, 1866 [6] White","29/3/2008","00:00:00","30/3/2008","00:00:00","True","False","28/3/2008","23:45:00",,,,,,,"","",,"Normal",,"Normal","3"
"Second Sunday of Easter [1] White / SPB First Sunday after Easter","30/3/2008","00:00:00","31/3/2008","00:00:00","True","False","29/3/2008","23:45:00",,,,,,,"Eucharist
Acts 2.14a,22-32
Ps 16
1 P 1.3-9
Jn 20.19-31

Daily Prayer
Is 26.1-9,19
Ro 4.13-25
Lk 24.1-12
","",,"Normal",,"Normal","3"
"THE ANNUNCIATION OF THE LORD [2] White (translated from 25 March)","31/3/2008","00:00:00","1/4/2008","00:00:00","True","False","30/3/2008","23:45:00",,,,,,,"","",,"Normal",,"Normal","3"
"Patrick, Bishop, Patron of Ireland, 461 [4] White (translated from 17 March)","1/4/2008","00:00:00","2/4/2008","00:00:00","True","False","31/3/2008","23:45:00",,,,,,,"","",,"Normal",,"Normal","3"
"Joseph of Nazareth [4] White (translated from 19 March)","2/4/2008","00:00:00","3/4/2008","00:00:00","True","False","1/4/2008","23:45:00",,,,,,,"","",,"Normal",,"Normal","3"
"Gilbert of Caithness, Bishop, 1245 [6] White (translated from 1 April)","3/4/2008","00:00:00","4/4/2008","00:00:00","True","False","2/4/2008","23:45:00",,,,,,,"","",,"Normal",,"Normal","3"
"Friday of Easter 2","4/4/2008","00:00:00","5/4/2008","00:00:00","True","False","3/4/2008","23:45:00",,,,,,,"","",,"Normal",,"Normal","3"
"Saturday of Easter 2","5/4/2008","00:00:00","6/4/2008","00:00:00","True","False","4/4/2008","23:45:00",,,,,,,"","",,"Normal",,"Normal","3"
"Third Sunday of Easter [1] White / SPB Second Sunday after Easter","6/4/2008","00:00:00","7/4/2008","00:00:00","True","False","5/4/2008","23:45:00",,,,,,,"Eucharist
Acts 2.14a,36-41
Ps 116.1-3(4-9)10-17
1 P 1.17-23
Lk 24.13-35

Daily Prayer
Dt 7.7-13
Rev 2.1-11
Lk 16.19-31
","",,"Normal",,"Normal","3"
"Monday of Easter 3","7/4/2008","00:00:00","8/4/2008","00:00:00","True","False","6/4/2008","23:45:00",,,,,,,"","",,"Normal",,"Normal","3"
"Tuesday of Easter 3","8/4/2008","00:00:00","9/4/2008","00:00:00","True","False","7/4/2008","23:45:00",,,,,,,"","",,"Normal",,"Normal","3"
"Dietrich Bonhoeffer, Theologian and Martyr, 1945 [6] Red","9/4/2008","00:00:00","10/4/2008","00:00:00","True","False","8/4/2008","23:45:00",,,,,,,"","",,"Normal",,"Normal","3"
"William Law, Priest, 1761 [6] White","10/4/2008","00:00:00","11/4/2008","00:00:00","True","False","9/4/2008","23:45:00",,,,,,,"","",,"Normal",,"Normal","3"
"George Augustus Selwyn, Bishop and Missionary, 1878 [6] White","11/4/2008","00:00:00","12/4/2008","00:00:00","True","False","10/4/2008","23:45:00",,,,,,,"","",,"Normal",,"Normal","3"
"William Forbes, Bishop, 1634 [6] White","12/4/2008","00:00:00","13/4/2008","00:00:00","True","False","11/4/2008","23:45:00",,,,,,,"","",,"Normal",,"Normal","3"
"Fourth Sunday of Easter [1] White / SPB Third Sunday after Easter","13/4/2008","00:00:00","14/4/2008","00:00:00","True","False","12/4/2008","23:45:00",,,,,,,"Eucharist
Acts 2.42-47
Ps 23
1 P 2.19-25
Jn 10.1-10

Daily Prayer
Ex 16.4-15
Rev 2.12-17
Jn 6.30-40
","",,"Normal",,"Normal","3"
"Monday of Easter 4","14/4/2008","00:00:00","15/4/2008","00:00:00","True","False","13/4/2008","23:45:00",,,,,,,"","",,"Normal",,"Normal","3"
"Tuesday of Easter 4","15/4/2008","00:00:00","16/4/2008","00:00:00","True","False","14/4/2008","23:45:00",,,,,,,"","",,"Normal",,"Normal","3"
"Magnus of Orkney, Martyr, c.1116 [6] Red","16/4/2008","00:00:00","17/4/2008","00:00:00","True","False","15/4/2008","23:45:00",,,,,,,"","",,"Normal",,"Normal","3"
"Donnan, Abbot and Companions, Martyrs, c.617 [6] Red","17/4/2008","00:00:00","18/4/2008","00:00:00","True","False","16/4/2008","23:45:00",,,,,,,"","",,"Normal",,"Normal","3"
"Friday of Easter 4","18/4/2008","00:00:00","19/4/2008","00:00:00","True","False","17/4/2008","23:45:00",,,,,,,"","",,"Normal",,"Normal","3"
"Saturday of Easter 4","19/4/2008","00:00:00","20/4/2008","00:00:00","True","False","18/4/2008","23:45:00",,,,,,,"","",,"Normal",,"Normal","3"
"Fifth Sunday of Easter [1] White / SPB Fourth Sunday after Easter","20/4/2008","00:00:00","21/4/2008","00:00:00","True","False","19/4/2008","23:45:00",,,,,,,"Eucharist
Acts 7.55-60
Ps 31.1-5,15-16
1 P 2.2-10
Jn 14.1-14

Daily Prayer
Is 60.1-14
Rev 3.1-13
Mk 16.9-16
","",,"Normal",,"Normal","3"
"Anselm of Canterbury, Bishop and Teacher of the Faith, 1109 [6] White","21/4/2008","00:00:00","22/4/2008","00:00:00","True","False","20/4/2008","23:45:00",,,,,,,"","",,"Normal",,"Normal","3"
"Maelrubha of Applecross, Abbot, 722 [6] White (translated from 20 April)","22/4/2008","00:00:00","23/4/2008","00:00:00","True","False","21/4/2008","23:45:00",,,,,,,"","",,"Normal",,"Normal","3"
"George, Patron of England, Martyr, c.303 [6] Red","23/4/2008","00:00:00","24/4/2008","00:00:00","True","False","22/4/2008","23:45:00",,,,,,,"","",,"Normal",,"Normal","3"
"Thursday of Easter 5","24/4/2008","00:00:00","25/4/2008","00:00:00","True","False","23/4/2008","23:45:00",,,,,,,"","",,"Normal",,"Normal","3"
"Mark, Evangelist [4] Red","25/4/2008","00:00:00","26/4/2008","00:00:00","True","False","24/4/2008","23:45:00",,,,,,,"","",,"Normal",,"Normal","3"
"Albert Ernest Laurie, Priest, 1937 [6] White","26/4/2008","00:00:00","27/4/2008","00:00:00","True","False","25/4/2008","23:45:00",,,,,,,"","",,"Normal",,"Normal","3"
"Sixth Sunday of Easter [1] White / SPB Fifth Sunday after Easter","27/4/2008","00:00:00","28/4/2008","00:00:00","True","False","26/4/2008","23:45:00",,,,,,,"Eucharist
Acts 17.22-31
Ps 66.7-18
1 P 3.13-22
Jn 14.15-21

Daily Prayer
S of S 4.16-5.2;8.6-7
Rev 3.14-22
Lk 22.24-30
","",,"Normal",,"Normal","3"
"Monday of Easter 6","28/4/2008","00:00:00","29/4/2008","00:00:00","True","False","27/4/2008","23:45:00",,,,,,,"","",,"Normal",,"Normal","3"
"Catherine of Siena, Mystic and Teacher of the Faith, 1380 [6] White","29/4/2008","00:00:00","30/4/2008","00:00:00","True","False","28/4/2008","23:45:00",,,,,,,"","",,"Normal",,"Normal","3"
"Wednesday of Easter 6","30/4/2008","00:00:00","1/5/2008","00:00:00","True","False","29/4/2008","23:45:00",,,,,,,"","",,"Normal",,"Normal","3"
"ASCENSION DAY [1] White","1/5/2008","00:00:00","2/5/2008","00:00:00","True","False","30/4/2008","23:45:00",,,,,,,"Eucharist A,B,C
Acts 1.1-11
Ps 47 or 93
Eph 1.15-23
Lk 24.44-53

Daily Prayer
Dan 7.9-14
Heb 2.5-18
Mt 28.16-20
","",,"Normal",,"Normal","3"
"Philip and James, Apostles [4] Red (translated from 1 May)","2/5/2008","00:00:00","3/5/2008","00:00:00","True","False","1/5/2008","23:45:00",,,,,,,"","",,"Normal",,"Normal","3"
"Athenasius, Bishop and Teacher of the Faith, 373 [6] White (translated from 2 May) DP New Life: The Spirit (until the evening of the Day of Pentecost)","3/5/2008","00:00:00","4/5/2008","00:00:00","True","False","2/5/2008","23:45:00",,,,,,,"","",,"Normal",,"Normal","3"
"Seventh Sunday of Easter [1] White / SPB Sunday after Ascension Day","4/5/2008","00:00:00","5/5/2008","00:00:00","True","False","3/5/2008","23:45:00",,,,,,,"Eucharist
Acts 1.6-14
Ps 68.1-10,33-36
1 P 4.12-14;5.6-11
Jn 17.1-11

Daily Prayer
Is 61.1-11
Eph 4.7-16
Lk 4.14-21
","",,"Normal",,"Normal","3"
"Monday of Easter 7","5/5/2008","00:00:00","6/5/2008","00:00:00","True","False","4/5/2008","23:45:00",,,,,,,"","",,"Normal",,"Normal","3"
"Tuesday of Easter 7","6/5/2008","00:00:00","7/5/2008","00:00:00","True","False","5/5/2008","23:45:00",,,,,,,"","",,"Normal",,"Normal","3"
"Wednesday of Easter 7","7/5/2008","00:00:00","8/5/2008","00:00:00","True","False","6/5/2008","23:45:00",,,,,,,"","",,"Normal",,"Normal","3"
"Julian of Norwich, c.1413 [6] White (translated from 8th)","8/5/2008","00:00:00","9/5/2008","00:00:00","True","False","7/5/2008","23:45:00",,,,,,,"","",,"Normal",,"Normal","3"
"Friday of Easter 7","9/5/2008","00:00:00","10/5/2008","00:00:00","True","False","8/5/2008","23:45:00",,,,,,,"","",,"Normal",,"Normal","3"
"Saturday of Easter 7","10/5/2008","00:00:00","11/5/2008","00:00:00","True","False","9/5/2008","23:45:00",,,,,,,"","",,"Normal",,"Normal","3"
"THE DAY OF PENTECOST (Whitsunday) [1] Red","11/5/2008","00:00:00","12/5/2008","00:00:00","True","False","10/5/2008","23:45:00",,,,,,,"Eucharist
Acts 2.1-21 or Nu 11.24-30
Ps 104.25-35,37
1 C 12.3b-13 or Acts 2.1-21
Jn 20.19-23 or Jn 7.37-39

Daily Prayer
Ezek 36.22-28
Acts 2.22-38
Jn 20.19-23
","",,"Normal",,"Normal","3"
"Thomas Rattray, Bishop, 1743 [6] White","12/5/2008","00:00:00","13/5/2008","00:00:00","True","False","11/5/2008","23:45:00",,,,,,,"","",,"Normal",,"Normal","3"
"Tuesday after Pentecost","13/5/2008","00:00:00","14/5/2008","00:00:00","True","False","12/5/2008","23:45:00",,,,,,,"","",,"Normal",,"Normal","3"
"Matthias, Apostle [4] Red","14/5/2008","00:00:00","15/5/2008","00:00:00","True","False","13/5/2008","23:45:00",,,,,,,"","",,"Normal",,"Normal","3"
"Thursday after Pentecost","15/5/2008","00:00:00","16/5/2008","00:00:00","True","False","14/5/2008","23:45:00",,,,,,,"","",,"Normal",,"Normal","3"
"Friday after Pentecost","16/5/2008","00:00:00","17/5/2008","00:00:00","True","False","15/5/2008","23:45:00",,,,,,,"","",,"Normal",,"Normal","3"
"Saturday after Pentecost","17/5/2008","00:00:00","18/5/2008","00:00:00","True","False","16/5/2008","23:45:00",,,,,,,"","",,"Normal",,"Normal","3"
"Trinity Sunday [2] (Pentecost 1) White","18/5/2008","00:00:00","19/5/2008","00:00:00","True","False","17/5/2008","23:45:00",,,,,,,"Eucharist
Gen 1.1-2.4a
Ps 8
2 C 13.11-13
Mt 28.16-20

Daily Prayer
Ezek 1.4-10,22-28a
Rev 4.1-11
Mk 1.1-13
","",,"Normal",,"Normal","3"
"Monday of Pentecost 1","19/5/2008","00:00:00","20/5/2008","00:00:00","True","False","18/5/2008","23:45:00",,,,,,,"","",,"Normal",,"Normal","3"
"Tuesday of Pentecost 1","20/5/2008","00:00:00","21/5/2008","00:00:00","True","False","19/5/2008","23:45:00",,,,,,,"","",,"Normal",,"Normal","3"
"Helena, c.330 [6] White","21/5/2008","00:00:00","22/5/2008","00:00:00","True","False","20/5/2008","23:45:00",,,,,,,"","",,"Normal",,"Normal","3"
"Corpus Christi [5] White","22/5/2008","00:00:00","23/5/2008","00:00:00","True","False","21/5/2008","23:45:00",,,,,,,"Thanksgiving for Holy Communion

Ex 16.9-15
Ps 116.10-17
1 C 10.16-17 or 1 C 11.23-26
Jn 6.(51-52)53-58
","",,"Normal",,"Normal","3"
"William of Perth (or Rochester), 1201 [6] White","23/5/2008","00:00:00","24/5/2008","00:00:00","True","False","22/5/2008","23:45:00",,,,,,,"","",,"Normal",,"Normal","3"
"Saturday of Pentecost 1","24/5/2008","00:00:00","25/5/2008","00:00:00","True","False","23/5/2008","23:45:00",,,,,,,"","",,"Normal",,"Normal","3"
"Pentecost 2 [3] Green / SPB Trinity 1","25/5/2008","00:00:00","26/5/2008","00:00:00","True","False","24/5/2008","23:45:00",,,,,,,"Week of Proper 8

Eucharist
Is 49.8-16a
Ps 131
1 C 4.1-5
Mt 6.24-34

Daily Prayer
Gen 2.4b-25
Gal 5.2-10
Lk 8.22-35
","",,"Normal",,"Normal","3"
"Augustine of Canterbury, Bishop, c.604 [6] White","26/5/2008","00:00:00","27/5/2008","00:00:00","True","False","25/5/2008","23:45:00",,,,,,,"","",,"Normal",,"Normal","3"
"Bede the Venerable, of Jarrow, Teacher of the Faith, 735 [6] White (translated from 25 May)","27/5/2008","00:00:00","28/5/2008","00:00:00","True","False","26/5/2008","23:45:00",,,,,,,"","",,"Normal",,"Normal","3"
"Wednesday of Pentecost 2","28/5/2008","00:00:00","29/5/2008","00:00:00","True","False","27/5/2008","23:45:00",,,,,,,"","",,"Normal",,"Normal","3"
"Thursday of Pentecost 2","29/5/2008","00:00:00","30/5/2008","00:00:00","True","False","28/5/2008","23:45:00",,,,,,,"","",,"Normal",,"Normal","3"
"Friday of Pentecost 2","30/5/2008","00:00:00","31/5/2008","00:00:00","True","False","29/5/2008","23:45:00",,,,,,,"","",,"Normal",,"Normal","3"
"The Visit of Mary to Elizabeth [5] White","31/5/2008","00:00:00","1/6/2008","00:00:00","True","False","30/5/2008","23:45:00",,,,,,,"","",,"Normal",,"Normal","3"
"Pentecost 3 [3] Green / SPB Trinity 2","1/6/2008","00:00:00","2/6/2008","00:00:00","True","False","31/5/2008","23:45:00",,,,,,,"Week of Proper 9

Eucharist

Continuous
Gen 6.9-22;7.24;8.14-19
Ps 46
Ro 1.16-17;3.22b-28(29-31)
Mt 7.21-29

Thematic
Dt 11.8-21,26-28
Ps 31.1-5,19-24
Ro 1.16-17;3.22b-28(29-31)
Mt 7.21-29

Daily Prayer
1 Kg 19.1-16
1 Jn 3.1-3
Lk 11 1-13
","",,"Normal",,"Normal","3"
"Justin of Rome, Martyr, c.165 [6] Red (translated from 1 June)","2/6/2008","00:00:00","3/6/2008","00:00:00","True","False","1/6/2008","23:45:00",,,,,,,"","",,"Normal",,"Normal","3"
"Charles Lwanga and his companions, 1886; Janani Luwum, Bishop, 1977, Martyrs of Uganda [6] Red","3/6/2008","00:00:00","4/6/2008","00:00:00","True","False","2/6/2008","23:45:00",,,,,,,"","",,"Normal",,"Normal","3"
"John XXIII, Bishop of Rome, Reformer, 1963 [6] White","4/6/2008","00:00:00","5/6/2008","00:00:00","True","False","3/6/2008","23:45:00",,,,,,,"","",,"Normal",,"Normal","3"
"Boniface of Mainz, Bishop, Missionary and Martyr, 754 [6] Red","5/6/2008","00:00:00","6/6/2008","00:00:00","True","False","4/6/2008","23:45:00",,,,,,,"","",,"Normal",,"Normal","3"
"Friday of Pentecost 3","6/6/2008","00:00:00","7/6/2008","00:00:00","True","False","5/6/2008","23:45:00",,,,,,,"","",,"Normal",,"Normal","3"
"Saturday of Pentecost 3","7/6/2008","00:00:00","8/6/2008","00:00:00","True","False","6/6/2008","23:45:00",,,,,,,"","",,"Normal",,"Normal","3"
"Pentecost 4 [3] Green / SPB Trinity 3 (Ordination of the Bishop of Argyll, 2004)","8/6/2008","00:00:00","9/6/2008","00:00:00","True","False","7/6/2008","23:45:00",,,,,,,"Week of Proper 10

Eucharist

Continuous
Gen 12.1-9
Ps 33.1-12
Ro 4.13-25
Mt 9.9-13,18-26

Thematic
Hos 5.15-6:6
Ps 50.7-15
Ro 4.13-25
Mt 9.9-13,18-26

Daily Prayer
Jer 6.16-21
Acts 22.22-23.11
Lk 7.11-17

","",,"Normal",,"Normal","3"
"Columba of Iona, Abbot, 597 [4] White","9/6/2008","00:00:00","10/6/2008","00:00:00","True","False","8/6/2008","23:45:00",,,,,,,"","",,"Normal",,"Normal","3"
"Ephrem the Syrian, Deacon and Teacher of the Faith, 373 [6] White (translated from 8 June)","10/6/2008","00:00:00","11/6/2008","00:00:00","True","False","9/6/2008","23:45:00",,,,,,,"","",,"Normal",,"Normal","3"
"Barnabus, Apostle [4] Red","11/6/2008","00:00:00","12/6/2008","00:00:00","True","False","10/6/2008","23:45:00",,,,,,,"","",,"Normal",,"Normal","3"
"John Skinner, Priest, 1807, and John Skinner, Bishop, 1816 [6] White","12/6/2008","00:00:00","13/6/2008","00:00:00","True","False","11/6/2008","23:45:00",,,,,,,"","",,"Normal",,"Normal","3"
"Friday of Pentecost 4","13/6/2008","00:00:00","14/6/2008","00:00:00","True","False","12/6/2008","23:45:00",,,,,,,"","",,"Normal",,"Normal","3"
"Basil of Caesarea, 379; Gregory of Nazianzus, c.390; Gregory of Nyssa, 394, Bishops and Teachers of the Faith [6] White","14/6/2008","00:00:00","15/6/2008","00:00:00","True","False","13/6/2008","23:45:00",,,,,,,"","",,"Normal",,"Normal","3"
"Pentecost 5 [3] Green / SPB Trinity 4","15/6/2008","00:00:00","16/6/2008","00:00:00","True","False","14/6/2008","23:45:00",,,,,,,"Week of Proper 11

Eucharist

Continuous
Gen 18.1-15;(21.1-7)
Ps 116.1,10-17
Ro 5.1-8
Mt 9.35-10.8(9-23)

Thematic
Ex 19.2-8a
Ps 100
Ro 5.1-8
Mt 9.35-10.8(9-23)

Daily Prayer
Jer 7.1-16
Acts 23.12-35
Lk 7.36-8.3
","",,"Normal",,"Normal","3"
"Monday of Pentecost 5","16/6/2008","00:00:00","17/6/2008","00:00:00","True","False","15/6/2008","23:45:00",,,,,,,"","",,"Normal",,"Normal","3"
"Tuesday of Pentecost 5","17/6/2008","00:00:00","18/6/2008","00:00:00","True","False","16/6/2008","23:45:00",,,,,,,"","",,"Normal",,"Normal","3"
"Bernard Mizeki, Martyr, 1896 [6] Red","18/6/2008","00:00:00","19/6/2008","00:00:00","True","False","17/6/2008","23:45:00",,,,,,,"","",,"Normal",,"Normal","3"
"Thursday of Pentecost 5","19/6/2008","00:00:00","20/6/2008","00:00:00","True","False","18/6/2008","23:45:00",,,,,,,"","",,"Normal",,"Normal","3"
"Friday of Pentecost 5","20/6/2008","00:00:00","21/6/2008","00:00:00","True","False","19/6/2008","23:45:00",,,,,,,"","",,"Normal",,"Normal","3"
"Saturday of Pentecost 5","21/6/2008","00:00:00","22/6/2008","00:00:00","True","False","20/6/2008","23:45:00",,,,,,,"","",,"Normal",,"Normal","3"
"Pentecost 6 [3] Green / SPB Trinity 5","22/6/2008","00:00:00","23/6/2008","00:00:00","True","False","21/6/2008","23:45:00",,,,,,,"Week of Proper 12

Eucharist

Continuous
Gen 21.8-21
Ps 86.1-10,16-17
Ro 6.1b-11
Mt 10.24-39

Thematic
Jer 20.7-13
Ps 69.8-11(12-17)18-20
Ro 6.1b-11
Mt 10.24-39

Daily Prayer
Jer 10.1-16
Acts 27.1-12
Lk 8.26-39
","",,"Normal",,"Normal","3"
"Alban, Martyr [6] Red (translated from 22 June) (Installation of the Bishop of Edinburgh, 2001)","23/6/2008","00:00:00","24/6/2008","00:00:00","True","False","22/6/2008","23:45:00",,,,,,,"","",,"Normal",,"Normal","3"
"The Birth of John the Baptist [4] White","24/6/2008","00:00:00","25/6/2008","00:00:00","True","False","23/6/2008","23:45:00",,,,,,,"","",,"Normal",,"Normal","3"
"Moluag of Lismore, Bishop, c.592 [6] White","25/6/2008","00:00:00","26/6/2008","00:00:00","True","False","24/6/2008","23:45:00",,,,,,,"","",,"Normal",,"Normal","3"
"Robert Leighton, Bishop, 1684 [6] White","26/6/2008","00:00:00","27/6/2008","00:00:00","True","False","25/6/2008","23:45:00",,,,,,,"","",,"Normal",,"Normal","3"
"Alexander Jolly, Bishop, 1838 [6] White","27/6/2008","00:00:00","28/6/2008","00:00:00","True","False","26/6/2008","23:45:00",,,,,,,"","",,"Normal",,"Normal","3"
"Irenaeus of Lyons, Bishop and Teacher of the Faith, 202 [6] White","28/6/2008","00:00:00","29/6/2008","00:00:00","True","False","27/6/2008","23:45:00",,,,,,,"","",,"Normal",,"Normal","3"
"Pentecost 7 [3] Green / SPB Trinity 6","29/6/2008","00:00:00","30/6/2008","00:00:00","True","False","28/6/2008","23:45:00",,,,,,,"Week of Proper 13

Eucharist

Continuous
Gen 22.1-14
Ps 13
Ro 6.12-23
Mt 10.40-42

Thematic
Jer 28.5-9
Ps 89.1-4,15-18
Ro 6.12-23
Mt 10.40-42

Daily Prayer
Jer 11.1-14
Acts 27.33-44
Lk 9.51-62
","",,"Normal",,"Normal","3"
"Peter, Apostle or Peter and Paul, Apostles [4] Red","30/6/2008","00:00:00","1/7/2008","00:00:00","True","False","29/6/2008","23:45:00",,,,,,,"","",,"Normal",,"Normal","3"
"Serf, Bishop, c.550 [6] White","1/7/2008","00:00:00","2/7/2008","00:00:00","True","False","30/6/2008","23:45:00",,,,,,,"","",,"Normal",,"Normal","3"
"Wednesday of Pentecost 7","2/7/2008","00:00:00","3/7/2008","00:00:00","True","False","1/7/2008","23:45:00",,,,,,,"","",,"Normal",,"Normal","3"
"Thomas, Apostle [4] Red (if not kept on 21 December)","3/7/2008","00:00:00","4/7/2008","00:00:00","True","False","2/7/2008","23:45:00",,,,,,,"","",,"Normal",,"Normal","3"
"Friday of Pentecost 7","4/7/2008","00:00:00","5/7/2008","00:00:00","True","False","3/7/2008","23:45:00",,,,,,,"","",,"Normal",,"Normal","3"
"Saturday of Pentecost 7","5/7/2008","00:00:00","6/7/2008","00:00:00","True","False","4/7/2008","23:45:00",,,,,,,"","",,"Normal",,"Normal","3"
"Pentecost 8 [3] Green / SPB Trinity 7","6/7/2008","00:00:00","7/7/2008","00:00:00","True","False","5/7/2008","23:45:00",,,,,,,"Week of Proper 14

Eucharist

Continuous
Gen 24.34-38,42-49,58-67
Ps 45.11-18 or S of S 2.8-13
Ro 7.15-25a
Mt 11.16-19,25-30

Thematic
Zech 9.9-12
Ps 145.8-15
Ro 7.15-25a
Mt 11.16-19,25-30

Daily Prayer
Jer 20.1-11a
Acts 28.1-16
Lk 10.1-11,16-20
","",,"Normal",,"Normal","3"
"Palladius, Bishop, c.450 [6] White (translated from 6 July)","7/7/2008","00:00:00","8/7/2008","00:00:00","True","False","6/7/2008","23:45:00",,,,,,,"","",,"Normal",,"Normal","3"
"Tuesday of Pentecost 8","8/7/2008","00:00:00","9/7/2008","00:00:00","True","False","7/7/2008","23:45:00",,,,,,,"","",,"Normal",,"Normal","3"
"Wednesday of Pentecost 8","9/7/2008","00:00:00","10/7/2008","00:00:00","True","False","8/7/2008","23:45:00",,,,,,,"","",,"Normal",,"Normal","3"
"Thursday of Pentecost 8","10/7/2008","00:00:00","11/7/2008","00:00:00","True","False","9/7/2008","23:45:00",,,,,,,"","",,"Normal",,"Normal","3"
"Benedict of Nursia, Abbot, c.550 [6] White","11/7/2008","00:00:00","12/7/2008","00:00:00","True","False","10/7/2008","23:45:00",,,,,,,"","",,"Normal",,"Normal","3"
"Drostan of Deer, Abbot, c.600 [6] White","12/7/2008","00:00:00","13/7/2008","00:00:00","True","False","11/7/2008","23:45:00",,,,,,,"","",,"Normal",,"Normal","3"
"Pentecost 9 [3] Green / SPB Trinity 8","13/7/2008","00:00:00","14/7/2008","00:00:00","True","False","12/7/2008","23:45:00",,,,,,,"Week of Proper 15

Eucharist

Continuous
Gen 25.19-34
Ps 119.105-112
Ro 8.1-11
Mt 13.1-9,18-23

Thematic
Is 55.10-13
Ps 65.(1-8)9-14
Ro 8.1-11
Mt 13.1-9,18-23

Daily Prayer
Job 4.1;5.6-27 or Sir 4.11-31
Acts 28.17-30
Lk 10.25-37

","",,"Normal",,"Normal","3"
"Monday of Pentecost 9","14/7/2008","00:00:00","15/7/2008","00:00:00","True","False","13/7/2008","23:45:00",,,,,,,"","",,"Normal",,"Normal","3"
"Tuesday of Pentecost 9","15/7/2008","00:00:00","16/7/2008","00:00:00","True","False","14/7/2008","23:45:00",,,,,,,"","",,"Normal",,"Normal","3"
"Wednesday of Pentecost 9","16/7/2008","00:00:00","17/7/2008","00:00:00","True","False","15/7/2008","23:45:00",,,,,,,"","",,"Normal",,"Normal","3"
"Thursday of Pentecost 9","17/7/2008","00:00:00","18/7/2008","00:00:00","True","False","16/7/2008","23:45:00",,,,,,,"","",,"Normal",,"Normal","3"
"Friday of Pentecost 9","18/7/2008","00:00:00","19/7/2008","00:00:00","True","False","17/7/2008","23:45:00",,,,,,,"","",,"Normal",,"Normal","3"
"Saturday of Pentecost 9","19/7/2008","00:00:00","20/7/2008","00:00:00","True","False","18/7/2008","23:45:00",,,,,,,"","",,"Normal",,"Normal","3"
"Pentecost 10 [3] Green / SPB Trinity 9","20/7/2008","00:00:00","21/7/2008","00:00:00","True","False","19/7/2008","23:45:00",,,,,,,"Week of Proper 16

Eucharist

Continuous
Gen 28.10-19a
Ps 139.1-11,22-23
Ro 8.12-25
Mt 13.24-30,36-43

Thematic
Is 44.6-8 or Wis 12.13,16-19
Ps 86.11-17
Ro 8.12-25
Mt 13.24-30,36-43

Daily Prayer
Job 13.13-14.6 or Sir 18.1-14 
Heb 2.5-18
Lk 10.38-42
","",,"Normal",,"Normal","3"
"William Wilberforce, 1833 [6] White","21/7/2008","00:00:00","22/7/2008","00:00:00","True","False","20/7/2008","23:45:00",,,,,,,"","",,"Normal",,"Normal","3"
"Mary Magdalene [4] White","22/7/2008","00:00:00","23/7/2008","00:00:00","True","False","21/7/2008","23:45:00",,,,,,,"","",,"Normal",,"Normal","3"
"Wednesday of Pentecost 10","23/7/2008","00:00:00","24/7/2008","00:00:00","True","False","22/7/2008","23:45:00",,,,,,,"","",,"Normal",,"Normal","3"
"Thursday of Pentecost 10","24/7/2008","00:00:00","25/7/2008","00:00:00","True","False","23/7/2008","23:45:00",,,,,,,"","",,"Normal",,"Normal","3"
"James, Apostle [4] Red","25/7/2008","00:00:00","26/7/2008","00:00:00","True","False","24/7/2008","23:45:00",,,,,,,"","",,"Normal",,"Normal","3"
"Anne and Joachim, Parents of Mary, Mother of the Lord [6] White","26/7/2008","00:00:00","27/7/2008","00:00:00","True","False","25/7/2008","23:45:00",,,,,,,"","",,"Normal",,"Normal","3"
"Pentecost 11 [3] Green / SPB Trinity 10","27/7/2008","00:00:00","28/7/2008","00:00:00","True","False","26/7/2008","23:45:00",,,,,,,"Week of Proper 17

Eucharist

Continuous
Gen 29.15-28
Ps 105.1-11,(45b) or 128
Ro 8.26-39
Mt 13.31-33,44-52

Thematic
1 Kg 3.5-12
Ps 119.129-136
Ro 8.26-39
Mt 13.31-33,44-52

Daily Prayer
Job 19.1-27a or Sir 38.24-34
Heb 8.1-13
Lk 11.1-13

","",,"Normal",,"Normal","3"
"Monday of Pentecost 11","28/7/2008","00:00:00","29/7/2008","00:00:00","True","False","27/7/2008","23:45:00",,,,,,,"","",,"Normal",,"Normal","3"
"Martha and Mary of Bethany [6] White","29/7/2008","00:00:00","30/7/2008","00:00:00","True","False","28/7/2008","23:45:00",,,,,,,"","",,"Normal",,"Normal","3"
"Silas, Companion of Saint Paul [6] White","30/7/2008","00:00:00","31/7/2008","00:00:00","True","False","29/7/2008","23:45:00",,,,,,,"","",,"Normal",,"Normal","3"
"Ignatius Loyola, Priest and Religious, 1556 [6] White","31/7/2008","00:00:00","1/8/2008","00:00:00","True","False","30/7/2008","23:45:00",,,,,,,"","",,"Normal",,"Normal","3"
"Friday of Pentecost 11","1/8/2008","00:00:00","2/8/2008","00:00:00","True","False","31/7/2008","23:45:00",,,,,,,"","",,"Normal",,"Normal","3"
"Saturday of Pentecost 11","2/8/2008","00:00:00","3/8/2008","00:00:00","True","False","1/8/2008","23:45:00",,,,,,,"","",,"Normal",,"Normal","3"
"Pentecost 12 [3] Green / SPB Trinity 11","3/8/2008","00:00:00","4/8/2008","00:00:00","True","False","2/8/2008","23:45:00",,,,,,,"Week of Proper 18

Eucharist

Continuous
Gen 32.22-31
Ps 17.1-7,16
Ro 9.1-5
Mt 14.13-21

Thematic
Is 55.1-5
Ps 145.8-9,15-22
Ro 9.1-5
Mt 14.13-21

Daily Prayer
Job 28.(1-11)12-28 or Sir 42.15-25
Heb 11.17-31
Lk 12.13-21
","",,"Normal",,"Normal","3"
"Monday of Pentecost 12","4/8/2008","00:00:00","5/8/2008","00:00:00","True","False","3/8/2008","23:45:00",,,,,,,"","",,"Normal",,"Normal","3"
"Oswald of Northumbria, Martyr, 642 [6] Red","5/8/2008","00:00:00","6/8/2008","00:00:00","True","False","4/8/2008","23:45:00",,,,,,,"","",,"Normal",,"Normal","3"
"THE TRANSFIGURATION OF THE LORD [2] White","6/8/2008","00:00:00","7/8/2008","00:00:00","True","False","5/8/2008","23:45:00",,,,,,,"","",,"Normal",,"Normal","3"
"Boisil, Prior of Melrose, c.642 [6] White","7/8/2008","00:00:00","8/8/2008","00:00:00","True","False","6/8/2008","23:45:00",,,,,,,"","",,"Normal",,"Normal","3"
"Dominic, Priest and Friar, 1221 [6] White","8/8/2008","00:00:00","9/8/2008","00:00:00","True","False","7/8/2008","23:45:00",,,,,,,"","",,"Normal",,"Normal","3"
"John Mason Neale, Priest, 1886 [6] White","9/8/2008","00:00:00","10/8/2008","00:00:00","True","False","8/8/2008","23:45:00",,,,,,,"","",,"Normal",,"Normal","3"
"Pentecost 13 [3] Green / SPB Trinity 12","10/8/2008","00:00:00","11/8/2008","00:00:00","True","False","9/8/2008","23:45:00",,,,,,,"Week of Proper 19

Eucharist

Continuous
Gen 37.1-4,12-28
Ps 105.1-6,16-22,(45b)
Ro 10.5-15
Mt 14.22-33

Thematic
1 Kg 19.9-18
Ps 85.8-13
Ro 10.5-15
Mt 14.22-33

Daily Prayer
Job 39.1-40.4 or Sir 43.13-33
Heb 12.1-17
Lk 12.32-40
","",,"Normal",,"Normal","3"
"Clare of Assisi, Religious, 1253 [6] White","11/8/2008","00:00:00","12/8/2008","00:00:00","True","False","10/8/2008","23:45:00",,,,,,,"","",,"Normal",,"Normal","3"
"Blane, Missionary, c.590 [6] White","12/8/2008","00:00:00","13/8/2008","00:00:00","True","False","11/8/2008","23:45:00",,,,,,,"","",,"Normal",,"Normal","3"
"Jeremy Taylor, Bishop, 1667 [6] White","13/8/2008","00:00:00","14/8/2008","00:00:00","True","False","12/8/2008","23:45:00",,,,,,,"","",,"Normal",,"Normal","3"
"Maximilien Kolbe, Priest and Martyr, 1941 [6] Red","14/8/2008","00:00:00","15/8/2008","00:00:00","True","False","13/8/2008","23:45:00",,,,,,,"","",,"Normal",,"Normal","3"
"Mary the Virgin [4] White","15/8/2008","00:00:00","16/8/2008","00:00:00","True","False","14/8/2008","23:45:00",,,,,,,"","",,"Normal",,"Normal","3"
"Saturday of Pentecost 13","16/8/2008","00:00:00","17/8/2008","00:00:00","True","False","15/8/2008","23:45:00",,,,,,,"","",,"Normal",,"Normal","3"
"Pentecost 14 [3] Green / SPB Trinity 13","17/8/2008","00:00:00","18/8/2008","00:00:00","True","False","16/8/2008","23:45:00",,,,,,,"Week of Proper 20

Eucharist

Continuous
Gen 45.1-15
Ps 133
Ro 11.1-2a,29-32
Mt 15.(10-20)21-28

Thematic
Is 56.1,6-8
Ps 67
Ro 11.1-2a,29-32
Mt 15.(10-20)21-28

Daily Prayer
Ex 2.23-3.10
Heb 13.1-15
Lk 12.49-56
","",,"Normal",,"Normal","3"
"Monday of Pentecost 14","18/8/2008","00:00:00","19/8/2008","00:00:00","True","False","17/8/2008","23:45:00",,,,,,,"","",,"Normal",,"Normal","3"
"Tuesday of Pentecost 14","19/8/2008","00:00:00","20/8/2008","00:00:00","True","False","18/8/2008","23:45:00",,,,,,,"","",,"Normal",,"Normal","3"
"Bernard of Clairvaux, Aboot & Teacher of the Faith, 1153 [6] White","20/8/2008","00:00:00","21/8/2008","00:00:00","True","False","19/8/2008","23:45:00",,,,,,,"","",,"Normal",,"Normal","3"
"Thursday of Pentecost 14","21/8/2008","00:00:00","22/8/2008","00:00:00","True","False","20/8/2008","23:45:00",,,,,,,"","",,"Normal",,"Normal","3"
"Friday of Pentecost 14","22/8/2008","00:00:00","23/8/2008","00:00:00","True","False","21/8/2008","23:45:00",,,,,,,"","",,"Normal",,"Normal","3"
"Saturday of Pentecost 14","23/8/2008","00:00:00","24/8/2008","00:00:00","True","False","22/8/2008","23:45:00",,,,,,,"","",,"Normal",,"Normal","3"
"Pentecost 15 [3] Green / SPB Trinity 14","24/8/2008","00:00:00","25/8/2008","00:00:00","True","False","23/8/2008","23:45:00",,,,,,,"Week of Proper 21

Eucharist

Continuous
Ex 1.8-2.10
Ps 124
Ro 12.1-8
Mt 16.13-20

Thematic
Is 51.1-6
Ps 138
Ro 12.1-8
Mt 16.13-20

Daily Prayer
Ex 4.27-5.1
Heb 13.16-21
Lk 13.10-17
","",,"Normal",,"Normal","3"
"Bartholomew, Apostle [4] Red (translated from 24 August)","25/8/2008","00:00:00","26/8/2008","00:00:00","True","False","24/8/2008","23:45:00",,,,,,,"","",,"Normal",,"Normal","3"
"Ebba of Coldingham, Abbess, 683 [6] White (translated from 25 August)","26/8/2008","00:00:00","27/8/2008","00:00:00","True","False","25/8/2008","23:45:00",,,,,,,"","",,"Normal",,"Normal","3"
"Monnica, Mother of Augustine of Hippo, 387 [6] White","27/8/2008","00:00:00","28/8/2008","00:00:00","True","False","26/8/2008","23:45:00",,,,,,,"","",,"Normal",,"Normal","3"
"August of Hippo, Bishop & Teacher of the Faith, 430 [6] White","28/8/2008","00:00:00","29/8/2008","00:00:00","True","False","27/8/2008","23:45:00",,,,,,,"","",,"Normal",,"Normal","3"
"The Beheading of John the Baptist [4] Red","29/8/2008","00:00:00","30/8/2008","00:00:00","True","False","28/8/2008","23:45:00",,,,,,,"","",,"Normal",,"Normal","3"
"Saturday of Pentecost 15","30/8/2008","00:00:00","31/8/2008","00:00:00","True","False","29/8/2008","23:45:00",,,,,,,"","",,"Normal",,"Normal","3"
"Pentecost 16 [3] Green / SPB Trinity 15","31/8/2008","00:00:00","1/9/2008","00:00:00","True","False","30/8/2008","23:45:00",,,,,,,"Week of Proper 22

Eucharist

Continuous
Ex 3.1-15
Ps 105.1-6,23-26, (45b)
Ro 12.9-21
Mt 16.21-28

Thematic
Jer 15.15-21
Ps 26.1-8
Ro 12.9-21
Mt 16.21-28

Daily Prayer
Ex 12.21-27
Rev 3.14-22
Mt 4.23-5.20
","",,"Normal",,"Normal","3"
"Aidan of Lindisfarne, Bishop, 651 [6] White","1/9/2008","00:00:00","2/9/2008","00:00:00","True","False","31/8/2008","23:45:00",,,,,,,"","",,"Normal",,"Normal","3"
"The Martyrs of New Guinea, 1942 [6] Red","2/9/2008","00:00:00","3/9/2008","00:00:00","True","False","1/9/2008","23:45:00",,,,,,,"","",,"Normal",,"Normal","3"
"Gregory the Great, Bishop and Teacher of the Faith [6] White","3/9/2008","00:00:00","4/9/2008","00:00:00","True","False","2/9/2008","23:45:00",,,,,,,"","",,"Normal",,"Normal","3"
"Thursday of Pentecost 16","4/9/2008","00:00:00","5/9/2008","00:00:00","True","False","3/9/2008","23:45:00",,,,,,,"","",,"Normal",,"Normal","3"
"Friday of Pentecost 16","5/9/2008","00:00:00","6/9/2008","00:00:00","True","False","4/9/2008","23:45:00",,,,,,,"","",,"Normal",,"Normal","3"
"Saturday of Pentecost 16","6/9/2008","00:00:00","7/9/2008","00:00:00","True","False","5/9/2008","23:45:00",,,,,,,"","",,"Normal",,"Normal","3"
"Pentecost 17 [3] Green / SPB Trinity 16","7/9/2008","00:00:00","8/9/2008","00:00:00","True","False","6/9/2008","23:45:00",,,,,,,"Week of Proper 23

Eucharist

Continuous
Ex 12.1-14
Ps 149
Ro 13.8-14
Mt 18.15-20

Thematic
Ezek 33.7-11
Ps 119.33-40
Ro 13.8-14
Mt 18.15-20

Daily Prayer
Ex 14.5-31
Rev 8.1-5
Mt 6.1-18
","",,"Normal",,"Normal","3"
"The Birth of Mary, Mother of the Lord [5] White","8/9/2008","00:00:00","9/9/2008","00:00:00","True","False","7/9/2008","23:45:00",,,,,,,"","",,"Normal",,"Normal","3"
"Tuesday of Pentecost 17","9/9/2008","00:00:00","10/9/2008","00:00:00","True","False","8/9/2008","23:45:00",,,,,,,"","",,"Normal",,"Normal","3"
"Wednesday of Pentecost 17","10/9/2008","00:00:00","11/9/2008","00:00:00","True","False","9/9/2008","23:45:00",,,,,,,"","",,"Normal",,"Normal","3"
"Thursday of Pentecost 17","11/9/2008","00:00:00","12/9/2008","00:00:00","True","False","10/9/2008","23:45:00",,,,,,,"","",,"Normal",,"Normal","3"
"Friday of Pentecost 17","12/9/2008","00:00:00","13/9/2008","00:00:00","True","False","11/9/2008","23:45:00",,,,,,,"","",,"Normal",,"Normal","3"
"Cyprian of Carthage, Bishop and Martyr, 258 [6] Red","13/9/2008","00:00:00","14/9/2008","00:00:00","True","False","12/9/2008","23:45:00",,,,,,,"","",,"Normal",,"Normal","3"
"Pentecost 18 [3] Green / SPB Trinity 17","14/9/2008","00:00:00","15/9/2008","00:00:00","True","False","13/9/2008","23:45:00",,,,,,,"Week of Proper 24

Eucharist

Continuous
Ex 14.19-31
Ps 114 or Ex 15.1b-11,20-21
Ro 14.1-12
Mt 18.21-35

Thematic
Gen 50.15-21
Ps 103.(1-7)8-13
Ro 14.1-12
Mt 18.21-35

Daily Prayer
Ex 18.13-26
Rev 12.1-12
Mt 7.1-14
","",,"Normal",,"Normal","3"
"Holy Cross Day [5] White or Red (translated from 14 September)","15/9/2008","00:00:00","16/9/2008","00:00:00","True","False","14/9/2008","23:45:00",,,,,,,"","",,"Normal",,"Normal","3"
"Ninian of Whithorn, Bishop, c.430 [4] White","16/9/2008","00:00:00","17/9/2008","00:00:00","True","False","15/9/2008","23:45:00",,,,,,,"","",,"Normal",,"Normal","3"
"Hildegard of Bingen, Abbess, 1179 [6] White","17/9/2008","00:00:00","18/9/2008","00:00:00","True","False","16/9/2008","23:45:00",,,,,,,"","",,"Normal",,"Normal","3"
"Thursday of Pentecost 18","18/9/2008","00:00:00","19/9/2008","00:00:00","True","False","17/9/2008","23:45:00",,,,,,,"","",,"Normal",,"Normal","3"
"Friday of Pentecost 18","19/9/2008","00:00:00","20/9/2008","00:00:00","True","False","18/9/2008","23:45:00",,,,,,,"","",,"Normal",,"Normal","3"
"John Coleridge Patteson, Bishop and Martyr, 1871 [6] Red","20/9/2008","00:00:00","21/9/2008","00:00:00","True","False","19/9/2008","23:45:00",,,,,,,"","",,"Normal",,"Normal","3"
"Pentecost 19 [3] Green / SPB Trinity 18","21/9/2008","00:00:00","22/9/2008","00:00:00","True","False","20/9/2008","23:45:00",,,,,,,"Week of Proper 25

Eucharist

Continuous
Ex 16.2-15
Ps 105.1-6, 37-45
Phil 1.21-30
Mt 20.1-16

Thematic
Jon 3.10-4.11
Ps 145.1-8
Phil 1.21-30
Mt 20.1-16

Daily Prayer
Ex 19.10-25
Rev 14.1-5
Mt 8.23-34
","",,"Normal",,"Normal","3"
"Matthew, Apostle and Evangelist [4] Red (translated from 21 September) (Ordination of the Bishop of Aberdeen and Orkney, 2007)","22/9/2008","00:00:00","23/9/2008","00:00:00","True","False","21/9/2008","23:45:00",,,,,,,"","",,"Normal",,"Normal","3"
"Adamnan of Iona, Abbot, 704 [6] White","23/9/2008","00:00:00","24/9/2008","00:00:00","True","False","22/9/2008","23:45:00",,,,,,,"","",,"Normal",,"Normal","3"
"Wednesday of Pentecost 19","24/9/2008","00:00:00","25/9/2008","00:00:00","True","False","23/9/2008","23:45:00",,,,,,,"","",,"Normal",,"Normal","3"
"Finnbar of Caithness, Bishop, c.610 [6] White (Ordination of the Bishop of Moray, 1999)","25/9/2008","00:00:00","26/9/2008","00:00:00","True","False","24/9/2008","23:45:00",,,,,,,"","",,"Normal",,"Normal","3"
"Friday of Pentecost 19","26/9/2008","00:00:00","27/9/2008","00:00:00","True","False","25/9/2008","23:45:00",,,,,,,"","",,"Normal",,"Normal","3"
"Vincent de Paul, Priest, 1660 [6] White","27/9/2008","00:00:00","28/9/2008","00:00:00","True","False","26/9/2008","23:45:00",,,,,,,"","",,"Normal",,"Normal","3"
"Pentecost 20 [3] Green / SPB Trinity 19","28/9/2008","00:00:00","29/9/2008","00:00:00","True","False","27/9/2008","23:45:00",,,,,,,"Week of Proper 26

Eucharist

Continuous
Ex 17.1-7
Ps 78.1-4,12-16
Phil 2.1-13
Mt 21.23-32

Thematic
Ezek 18.1-4, 25-32
Ps 25.1-8
Phil 2.1-13
Mt 21.23-32

Daily Prayer
Ex 24.1-18
Rev 18.1-8
Mt 9.1-8
","",,"Normal",,"Normal","3"
"Michael and All Angels [4] White","29/9/2008","00:00:00","30/9/2008","00:00:00","True","False","28/9/2008","23:45:00",,,,,,,"","",,"Normal",,"Normal","3"
"Jerome, Priest and Teacher of the Faith, 420 [6] White","30/9/2008","00:00:00","1/10/2008","00:00:00","True","False","29/9/2008","23:45:00",,,,,,,"","",,"Normal",,"Normal","3"
"Gregory the Enlightener, Bishop, c.332 [6] White","1/10/2008","00:00:00","2/10/2008","00:00:00","True","False","30/9/2008","23:45:00",,,,,,,"","",,"Normal",,"Normal","3"
"Thursday of Pentecost 20","2/10/2008","00:00:00","3/10/2008","00:00:00","True","False","1/10/2008","23:45:00",,,,,,,"","",,"Normal",,"Normal","3"
"Friday of Pentecost 20","3/10/2008","00:00:00","4/10/2008","00:00:00","True","False","2/10/2008","23:45:00",,,,,,,"","",,"Normal",,"Normal","3"
"Francis of Assisi, Deacon and Friar, 1226 [6] White","4/10/2008","00:00:00","5/10/2008","00:00:00","True","False","3/10/2008","23:45:00",,,,,,,"","",,"Normal",,"Normal","3"
"Pentecost 21 [3] Green / SPB Trinity 20","5/10/2008","00:00:00","6/10/2008","00:00:00","True","False","4/10/2008","23:45:00",,,,,,,"Week of Proper 27

Eucharist

Continuous
Ex 20.1-4,7-9,12-20
Ps 19
Phil 3.4b-14
Mt 21.33-46

Thematic
Is 5.1-7
Ps 80.7-14
Phil 3.4b-14
Mt 21.33-46

Daily Prayer
Jos 3.7-17
1 C 2.6-16
Mt 10.1-22
","",,"Normal",,"Normal","3"
"Monday of Pentecost 21","6/10/2008","00:00:00","7/10/2008","00:00:00","True","False","5/10/2008","23:45:00",,,,,,,"","",,"Normal",,"Normal","3"
"Tuesday of Pentecost 21","7/10/2008","00:00:00","8/10/2008","00:00:00","True","False","6/10/2008","23:45:00",,,,,,,"","",,"Normal",,"Normal","3"
"Alexander Penrose Forbes, Bishop, 1875 [6] White (Ordination of the Bishop of Brechin, 2005)","8/10/2008","00:00:00","9/10/2008","00:00:00","True","False","7/10/2008","23:45:00",,,,,,,"","",,"Normal",,"Normal","3"
"Thursday of Pentecost 21","9/10/2008","00:00:00","10/10/2008","00:00:00","True","False","8/10/2008","23:45:00",,,,,,,"","",,"Normal",,"Normal","3"
"Friday of Pentecost 21","10/10/2008","00:00:00","11/10/2008","00:00:00","True","False","9/10/2008","23:45:00",,,,,,,"","",,"Normal",,"Normal","3"
"Kenneth, Abbot, 600 [6] White","11/10/2008","00:00:00","12/10/2008","00:00:00","True","False","10/10/2008","23:45:00",,,,,,,"","",,"Normal",,"Normal","3"
"Pentecost 22 [3] Green / SPB Trinity 21","12/10/2008","00:00:00","13/10/2008","00:00:00","True","False","11/10/2008","23:45:00",,,,,,,"Week of Proper 28

Eucharist

Continuous
Ex 32.1-14
Ps 106.1-6,19-23
Phil 4.1-9
Mt 22.1-14

Thematic
Is 25.1-9
Ps 23
Phil 4.1-9
Mt 22.1-14

Daily Prayer
Jos 5.13-6.20
1 C 4.9-16
Mt 11.20-30
","",,"Normal",,"Normal","3"
"Elizabeth Fry, 1845 [6] White (translated from 12 October) (Ordination of the Bishop of Moray, Ross and Caithness, 2007)","13/10/2008","00:00:00","14/10/2008","00:00:00","True","False","12/10/2008","23:45:00",,,,,,,"","",,"Normal",,"Normal","3"
"Tuesday of Pentecost 22","14/10/2008","00:00:00","15/10/2008","00:00:00","True","False","13/10/2008","23:45:00",,,,,,,"","",,"Normal",,"Normal","3"
"Teresa of Avila, Teacher of the Faith, 1582 [6] White","15/10/2008","00:00:00","16/10/2008","00:00:00","True","False","14/10/2008","23:45:00",,,,,,,"","",,"Normal",,"Normal","3"
"Thursday of Pentecost 22","16/10/2008","00:00:00","17/10/2008","00:00:00","True","False","15/10/2008","23:45:00",,,,,,,"","",,"Normal",,"Normal","3"
"Ignatius of Antioch, Bishop and Martyr, c.115 [6] Red","17/10/2008","00:00:00","18/10/2008","00:00:00","True","False","16/10/2008","23:45:00",,,,,,,"","",,"Normal",,"Normal","3"
"Luke, Evangelist [4] Red","18/10/2008","00:00:00","19/10/2008","00:00:00","True","False","17/10/2008","23:45:00",,,,,,,"","",,"Normal",,"Normal","3"
"Pentecost 23 [3] Green / SPB Trinity 22","19/10/2008","00:00:00","20/10/2008","00:00:00","True","False","18/10/2008","23:45:00",,,,,,,"Week of Proper 29

Eucharist

Continuous
Ex 33.12-23
Ps 99
1 Th 1.1-10
Mt 22.15-22

Thematic
Is 45.1-7
Ps 96.1-9(10-13)
1 Th 1.1-10
Mt 22.15-22

Daily Prayer
Jos 14.6-14
1 C 10.1-13
Mt 12.1-21
","",,"Normal",,"Normal","3"
"Henry Martyn, Priest and Missionary, 1812 [6] White (translated from 19 October)","20/10/2008","00:00:00","21/10/2008","00:00:00","True","False","19/10/2008","23:45:00",,,,,,,"","",,"Normal",,"Normal","3"
"Tuesday of Pentecost 23","21/10/2008","00:00:00","22/10/2008","00:00:00","True","False","20/10/2008","23:45:00",,,,,,,"","",,"Normal",,"Normal","3"
"Wednesday of Pentecost 23","22/10/2008","00:00:00","23/10/2008","00:00:00","True","False","21/10/2008","23:45:00",,,,,,,"","",,"Normal",,"Normal","3"
"James of Jerusalem, Martyr, c.62 [6] Red","23/10/2008","00:00:00","24/10/2008","00:00:00","True","False","22/10/2008","23:45:00",,,,,,,"","",,"Normal",,"Normal","3"
"Friday of Pentecost 23","24/10/2008","00:00:00","25/10/2008","00:00:00","True","False","23/10/2008","23:45:00",,,,,,,"","",,"Normal",,"Normal","3"
"Saturday of Pentecost 23","25/10/2008","00:00:00","26/10/2008","00:00:00","True","False","24/10/2008","23:45:00",,,,,,,"","",,"Normal",,"Normal","3"
"Pentecost 24 [3] Green / SPB Trinity 23 (Fifth Sunday before Advent)","26/10/2008","00:00:00","27/10/2008","00:00:00","True","False","25/10/2008","23:45:00",,,,,,,"Week of Proper 30

Eucharist

Continuous
Dt 34.1-12
Ps 90.1-6,13-17
1 Th 2.1-8
Mt 22.34-46

Thematic
Lev 19.1-2,15-18
Ps 1
1 Th 2.1-8
Mt 22.34-46

Daily Prayer
Ec 12.1-14
1 C 10.15-24
Lk 18.9-14
","",,"Normal",,"Normal","3"
"Monday of Pentecost 24","27/10/2008","00:00:00","28/10/2008","00:00:00","True","False","26/10/2008","23:45:00",,,,,,,"","",,"Normal",,"Normal","3"
"Simon and Jude, Apostles [4] Red","28/10/2008","00:00:00","29/10/2008","00:00:00","True","False","27/10/2008","23:45:00",,,,,,,"","",,"Normal",,"Normal","3"
"James Hannington, Bishop and Companions, Martyrs, 1885 [6] Red","29/10/2008","00:00:00","30/10/2008","00:00:00","True","False","28/10/2008","23:45:00",,,,,,,"","",,"Normal",,"Normal","3"
"Thursday of Pentecost 24","30/10/2008","00:00:00","31/10/2008","00:00:00","True","False","29/10/2008","23:45:00",,,,,,,"","",,"Normal",,"Normal","3"
"Friday of Pentecost 24","31/10/2008","00:00:00","1/11/2008","00:00:00","True","False","30/10/2008","23:45:00",,,,,,,"","",,"Normal",,"Normal","3"
"ALL SAINTS [2] White","1/11/2008","00:00:00","2/11/2008","00:00:00","True","False","31/10/2008","23:45:00",,,,,,,"","",,"Normal",,"Normal","3"
"Pentecost 25 [3] Green / SPB Trinity 24 (Fourth Sunday before Advent) (Ordination of the Bishop of Edinburgh, 1993)","2/11/2008","00:00:00","3/11/2008","00:00:00","True","False","1/11/2008","23:45:00",,,,,,,"Week of Proper 31

Eucharist

Continuous
Jos 3.7-17
Ps 107.1-7,33-37
1 Th 2.9-13
Mt 23.1-12

Thematic
Mic 3.5-12
Ps 43
1 Th 2.9-13
Mt 23.1-12

Daily Prayer
Dan 2.1-11,25-48
Eph 1.11-23
Mt 5.1-12

","",,"Normal",,"Normal","3"
"All Souls [5] Violet or White","3/11/2008","00:00:00","4/11/2008","00:00:00","True","False","2/11/2008","23:45:00",,,,,,,"","",,"Normal",,"Normal","3"
"Richard Hooker, Priest and Teacher of the Faith, 1660 [6] White (translated from 3 November)","4/11/2008","00:00:00","5/11/2008","00:00:00","True","False","3/11/2008","23:45:00",,,,,,,"","",,"Normal",,"Normal","3"
"Wednesday of Pentecost 25","5/11/2008","00:00:00","6/11/2008","00:00:00","True","False","4/11/2008","23:45:00",,,,,,,"","",,"Normal",,"Normal","3"
"Thursday of Pentecost 25","6/11/2008","00:00:00","7/11/2008","00:00:00","True","False","5/11/2008","23:45:00",,,,,,,"","",,"Normal",,"Normal","3"
"Willibrord, Bishop and Missionary, 739 [6] White","7/11/2008","00:00:00","8/11/2008","00:00:00","True","False","6/11/2008","23:45:00",,,,,,,"","",,"Normal",,"Normal","3"
"Saturday of Pentecost 25","8/11/2008","00:00:00","9/11/2008","00:00:00","True","False","7/11/2008","23:45:00",,,,,,,"","",,"Normal",,"Normal","3"
"Pentecost 26 [3] Green / SPB Trinity 25 (Third Sunday before Advent)","9/11/2008","00:00:00","10/11/2008","00:00:00","True","False","8/11/2008","23:45:00",,,,,,,"Week of Proper 32

Eucharist

Continuous
Jos 24.1-3a,14-25
Ps 78.1-7
1 Th 4.13-18
Mt 25.1-13

Thematic
Wis 6.12-16 or Am 5.18-24
Ps 70 or Wis 6.17-20
1 Th 4.13-18
Mt 25.1-13

Daily Prayer
Is 10.33-11.9
1 T 2.1-7
Jn 14.23-29
","",,"Normal",,"Normal","3"
"Leo the Great, Bishop and Teacher of the Faith, 461 [6] White","10/11/2008","00:00:00","11/11/2008","00:00:00","True","False","9/11/2008","23:45:00",,,,,,,"","",,"Normal",,"Normal","3"
"Martin of Tours, Bishop, c.397 [6] White","11/11/2008","00:00:00","12/11/2008","00:00:00","True","False","10/11/2008","23:45:00",,,,,,,"","",,"Normal",,"Normal","3"
"Machar, Bishop, c.600 [6] White","12/11/2008","00:00:00","13/11/2008","00:00:00","True","False","11/11/2008","23:45:00",,,,,,,"","",,"Normal",,"Normal","3"
"Thursday of Pentecost 26","13/11/2008","00:00:00","14/11/2008","00:00:00","True","False","12/11/2008","23:45:00",,,,,,,"","",,"Normal",,"Normal","3"
"Friday of Pentecost 26 (Ordination of Samuel Seabury, Bishop, 1784)","14/11/2008","00:00:00","15/11/2008","00:00:00","True","False","13/11/2008","23:45:00",,,,,,,"","",,"Normal",,"Normal","3"
"Saturday of Pentecost 26","15/11/2008","00:00:00","16/11/2008","00:00:00","True","False","14/11/2008","23:45:00",,,,,,,"","",,"Normal",,"Normal","3"
"Pentecost 27 [3] Green / SPB Trinity 26 (Second Sunday before Advent)","16/11/2008","00:00:00","17/11/2008","00:00:00","True","False","15/11/2008","23:45:00",,,,,,,"Week of Proper 33

Eucharist

Continuous
Jg 4.1-7
Ps 123
1 Th 5.1-11
Mt 25.14-30

Thematic
Zeph 1.7,12-18
Ps 90.1-8(9-11)12
1 Th 5.1-11
Mt 25.14-30

Daily Prayer
Dan 3.13-30
Rev 4.1-11
Mt 13.24-30,36-43
","",,"Normal",,"Normal","3"
"Margaret of Scotland, 1093 [4] White (translated from 16 November)","17/11/2008","00:00:00","18/11/2008","00:00:00","True","False","16/11/2008","23:45:00",,,,,,,"","",,"Normal",,"Normal","3"
"Fergus, Bishop, c.750 [6] White","18/11/2008","00:00:00","19/11/2008","00:00:00","True","False","17/11/2008","23:45:00",,,,,,,"","",,"Normal",,"Normal","3"
"Hilda of Whitby, 680 and Hugh of Lincoln, Bishop, 1200 [6] White (translated from 17 November)","19/11/2008","00:00:00","20/11/2008","00:00:00","True","False","18/11/2008","23:45:00",,,,,,,"","",,"Normal",,"Normal","3"
"Thursday of Pentecost 27","20/11/2008","00:00:00","21/11/2008","00:00:00","True","False","19/11/2008","23:45:00",,,,,,,"","",,"Normal",,"Normal","3"
"Columban, Bishop, 615 [6] White","21/11/2008","00:00:00","22/11/2008","00:00:00","True","False","20/11/2008","23:45:00",,,,,,,"","",,"Normal",,"Normal","3"
"Cecilia, Martyr, c.230 [6] White","22/11/2008","00:00:00","23/11/2008","00:00:00","True","False","21/11/2008","23:45:00",,,,,,,"","",,"Normal",,"Normal","3"
"The Last Sunday after Pentecost (Christ the King) [3] White or Red (The Sunday before Advent)","23/11/2008","00:00:00","24/11/2008","00:00:00","True","False","22/11/2008","23:45:00",,,,,,,"Week of Proper 34

Eucharist

Continuous
Ezek 34.11-16,20-24
Ps 100
Eph 1.15-23
Mt 25.31-46

Thematic
Ezek 34.11-16,20-24
Ps 95.1-7a
Eph 1.15-23
Mt 25.31-46

Daily Prayer
Dan 5.(1-12)13-30 or Is 4.2-5.7
Rev 11.15-18
Jn 6.1-15
","",,"Normal",,"Normal","3"
"Lucy Menzies, 1954 [6] White","24/11/2008","00:00:00","25/11/2008","00:00:00","True","False","23/11/2008","23:45:00",,,,,,,"","",,"Normal",,"Normal","3"
"Clement of Rome, Bishop and Martyr, c.100 [6] Red (translated from 23 November)","25/11/2008","00:00:00","26/11/2008","00:00:00","True","False","24/11/2008","23:45:00",,,,,,,"","",,"Normal",,"Normal","3"
"Wednesday after the Last Sunday after Pentecost","26/11/2008","00:00:00","27/11/2008","00:00:00","True","False","25/11/2008","23:45:00",,,,,,,"","",,"Normal",,"Normal","3"
"Thursday after the Last Sunday after Pentecost","27/11/2008","00:00:00","28/11/2008","00:00:00","True","False","26/11/2008","23:45:00",,,,,,,"","",,"Normal",,"Normal","3"
"Friday after the Last Sunday after Pentecost","28/11/2008","00:00:00","29/11/2008","00:00:00","True","False","27/11/2008","23:45:00",,,,,,,"","",,"Normal",,"Normal","3"
"Saturday after the Last Sunday after Pentecost","29/11/2008","00:00:00","30/11/2008","00:00:00","True","False","28/11/2008","23:45:00",,,,,,,"","",,"Normal",,"Normal","3"
